month,day,year,wikiUrl,imageUrl,croptop,cropright,cropbottom,cropleft,positiontop,positionleft,scale,zIndexOverride,,,,,,,
9,10,-490,https://en.wikipedia.org/wiki/Battle_of_Marathon,https://upload.wikimedia.org/wikipedia/commons/thumb/2/28/Phidippides.jpg/1024px-Phidippides.jpg,25,28,19,5,-10%,20%,1.6,200,,,,,,,
8,28,-479,https://en.wikipedia.org/wiki/Battle_of_Plataea,https://i.insider.com/6413679e5f4f54001919f769?width=800&format=jpeg&auto=webp,0,13,0,13,-10%,0%,1.5,200,,,,,,,
7,20,-356,https://en.wikipedia.org/wiki/Alexander_the_Great,https://upload.wikimedia.org/wikipedia/commons/thumb/8/84/Alexander_the_Great_mosaic_%28cropped%29.jpg/330px-Alexander_the_Great_mosaic_%28cropped%29.jpg,5,0,19,0,0%,0%,1.1,200,,,,,,,
6,11,-323,https://en.wikipedia.org/wiki/Death_of_Alexander_the_Great,https://upload.wikimedia.org/wikipedia/commons/thumb/1/17/Dying_Alexander.jpg/330px-Dying_Alexander.jpg,8,0,22,0,0%,0%,1.2,200,,,,,,,
8,8,-48,https://en.wikipedia.org/wiki/Battle_of_Pharsalus,https://i.ytimg.com/vi/TT6l5kBBnF8/hq720.jpg?sqp=-oaymwEhCK4FEIIDSFryq4qpAxMIARUAAAAAGAElAADIQj0AgKJD&rs=AOn4CLCFgjNHtL_-43TRaFPtU0A8nDtxzg,5,0,19,0,-10%,52%,2,200,,,,,,,
3,15,-44,https://en.wikipedia.org/wiki/Assassination_of_Julius_Caesar,"https://images.immediate.co.uk/production/volatile/sites/7/2015/02/GettyImages-587489068-2-130285e.jpg?resize=768,574",46,42,23,20,-40%,30%,2.8,200,,,,,,,
10,3,-42,https://en.wikipedia.org/wiki/Battle_of_Philippi,https://upload.wikimedia.org/wikipedia/commons/thumb/9/9e/Pseudo-Corbulo_Musei_Capitolini_MC561.jpg/360px-Pseudo-Corbulo_Musei_Capitolini_MC561.jpg,6,4,20,4,0%,0%,1.2,200,,,,,,,
10,23,-42,https://en.wikipedia.org/wiki/Battle_of_Philippi,https://upload.wikimedia.org/wikipedia/commons/thumb/e/e9/Portrait_Brutus_Massimo.jpg/330px-Portrait_Brutus_Massimo.jpg,6,4,20,4,0%,0%,1.2,200,,,,,,,
1,16,-27,https://en.wikipedia.org/wiki/Augustus,https://upload.wikimedia.org/wikipedia/commons/thumb/5/5e/Augustus_of_Prima_Porta_%28inv._2290%29.jpg/375px-Augustus_of_Prima_Porta_%28inv._2290%29.jpg,0,0,35,0,13%,0%,1.3,200,,,,,,,
9,17,14,https://en.wikipedia.org/wiki/Tiberius,https://upload.wikimedia.org/wikipedia/commons/thumb/5/5c/%28Toulouse%29_Tib%C3%A8re_-_Mus%C3%A9e_Saint-Raymond_Ra_342_b.jpg/330px-%28Toulouse%29_Tib%C3%A8re_-_Mus%C3%A9e_Saint-Raymond_Ra_342_b.jpg,7,0,19,0,0%,0%,1.2,200,,,,,,,
3,7,161,https://en.wikipedia.org/wiki/Marcus_Aurelius,https://upload.wikimedia.org/wikipedia/commons/thumb/e/ec/MSR-ra-61-b-1-DM.jpg/220px-MSR-ra-61-b-1-DM.jpg,5,0,19,0,0%,0%,1.1,200,,,,,,,
1,1,177,https://en.wikipedia.org/wiki/Commodus,https://upload.wikimedia.org/wikipedia/commons/thumb/f/f3/Commodo_vestito_da_Ercole_ai_Musei_Capitolini.jpg/220px-Commodo_vestito_da_Ercole_ai_Musei_Capitolini.jpg,5,0,19,0,0%,0%,1.1,200,,,,,,,
11,20,284,https://en.wikipedia.org/wiki/Diocletian,https://upload.wikimedia.org/wikipedia/commons/thumb/f/fb/Istanbul_-_Museo_archeol._-_Diocleziano_%28284-305_d.C.%29_-_Foto_G._Dall%27Orto_28-5-2006_%28cropped%29.jpg/220px-Istanbul_-_Museo_archeol._-_Diocleziano_%28284-305_d.C.%29_-_Foto_G._Dall%27Orto_28-5-2006_%28cropped%29.jpg,5,0,19,0,0%,0%,1.1,200,,,,,,,
7,25,306,https://en.wikipedia.org/wiki/Constantine_the_Great,https://upload.wikimedia.org/wikipedia/commons/thumb/c/c8/Statua_di_Costantino_ai_musei_capitolini.jpg/220px-Statua_di_Costantino_ai_musei_capitolini.jpg,5,0,19,0,0%,0%,1.1,200,,,,,,,
8,9,378,https://en.wikipedia.org/wiki/Battle_of_Adrianople,https://upload.wikimedia.org/wikipedia/commons/thumb/c/c4/Germaniciani_seniores_shield_pattern.svg/200px-Germaniciani_seniores_shield_pattern.svg.png,5,0,0,0,-10%,0%,1,200,,,,,,,
1,17,395,https://en.wikipedia.org/wiki/Western_Roman_Empire,https://upload.wikimedia.org/wikipedia/commons/thumb/2/2f/Wars-of-the-Tetrarchy.gif/230px-Wars-of-the-Tetrarchy.gif,30,15,25,0,-10%,0%,1.9,200,,,,,,,
8,24,410,https://en.wikipedia.org/wiki/Sack_of_Rome_(410),https://upload.wikimedia.org/wikipedia/commons/thumb/6/61/Visigoths_sack_Rome.jpg/220px-Visigoths_sack_Rome.jpg,0,0,28,0,10%,0%,1.2,200,,,,,,,
3,1,415,https://en.wikipedia.org/wiki/Hypatia#Murder,https://upload.wikimedia.org/wikipedia/commons/e/ea/Mort_de_la_philosophe_Hypatie.jpg,35,0,28,0,-15%,53%,2.2,200,,,,,,,
2,26,621,"https://en.wikipedia.org/wiki/Isra%27_and_Mi%27raj#:~:text=The%20normative%20view%20amongst%20Sunni,621%20in%20the%20Western%20calendar.",https://i0.wp.com/rescogita.academy/wp-content/uploads/2021/02/12-1.jpg?w=512&ssl=1,0,0,17,0,0%,0%,1.1,200,,,,,,,
10,10,732,https://en.wikipedia.org/wiki/Battle_of_Tours,https://upload.wikimedia.org/wikipedia/commons/thumb/e/e7/Steuben_-_Bataille_de_Poitiers.png/450px-Steuben_-_Bataille_de_Poitiers.png,0,0,17,0,0%,0%,1.1,200,,,,,,,
1,1,1025,https://en.wikipedia.org/wiki/The_Canon_of_Medicine,https://upload.wikimedia.org/wikipedia/commons/thumb/3/35/Avicenne_-_Avicenna_-_Ibn_Sina_%28980-1037%29_CIPB2067.jpg/800px-Avicenne_-_Avicenna_-_Ibn_Sina_%28980-1037%29_CIPB2067.jpg,5,0,19,0,0%,0%,1.1,200,,,,,,,
10,14,1066,https://en.wikipedia.org/wiki/Battle_of_Hastings,https://upload.wikimedia.org/wikipedia/commons/thumb/8/88/Bayeuxtapestryscene52.jpg/1024px-Bayeuxtapestryscene52.jpg,5,25,37,25,8%,0%,2.1,200,,,,,,,
12,15,1066,https://en.wikipedia.org/wiki/William_the_Conqueror,https://upload.wikimedia.org/wikipedia/commons/thumb/9/96/Statue_d%27Dgilliaume_l%C3%A9_Contch%C3%A9thant_%C3%A0_Falaise_01.jpg/800px-Statue_d%27Dgilliaume_l%C3%A9_Contch%C3%A9thant_%C3%A0_Falaise_01.jpg,5,0,37,0,18%,0%,1.4,200,,,,,,,
9,26,1087,https://en.wikipedia.org/wiki/William_II_of_England,https://upload.wikimedia.org/wikipedia/commons/thumb/9/92/William_II_of_England.jpg/220px-William_II_of_England.jpg,23,25,37,25,8%,0%,2.1,200,,,,,,,
8,5,1100,https://en.wikipedia.org/wiki/Henry_I_of_England,https://upload.wikimedia.org/wikipedia/commons/thumb/c/c1/Henry1.jpg/220px-Henry1.jpg,0,0,33,0,12%,0%,1.3,200,,,,,,,
12,22,1135,"https://en.wikipedia.org/wiki/Stephen,_King_of_England",https://upload.wikimedia.org/wikipedia/commons/thumb/2/23/Stepan_Blois.jpg/220px-Stepan_Blois.jpg,0,0,33,0,12%,0%,1.3,200,,,,,,,
4,8,1141,https://en.wikipedia.org/wiki/Empress_Matilda,https://upload.wikimedia.org/wikipedia/commons/thumb/b/b4/Empress_Matilda.png/200px-Empress_Matilda.png,0,2,32,2,12%,0%,1.3,200,,,,,,,
1,1,1142,https://en.wikipedia.org/wiki/Iroquois,https://upload.wikimedia.org/wikipedia/commons/thumb/f/fd/5NationsCession.jpg/220px-5NationsCession.jpg,0,0,17,0,0%,0%,1.1,200,,,,,,,
12,19,1154,https://en.wikipedia.org/wiki/Henry_II_of_England,https://upload.wikimedia.org/wikipedia/commons/6/65/HenryIIGospels.jpg,5,0,19,0,0%,0%,1.1,200,,,,,,,
6,14,1170,https://en.wikipedia.org/wiki/Henry_the_Young_King,https://upload.wikimedia.org/wikipedia/commons/thumb/c/ce/Coronation_of_Henry_the_Young_King_-_Becket_Leaves_%28c.1220-1240%29%2C_f._3r_-_BL_Loan_MS_88-2.jpg/220px-Coronation_of_Henry_the_Young_King_-_Becket_Leaves_%28c.1220-1240%29%2C_f._3r_-_BL_Loan_MS_88-2.jpg,8,0,22,0,0%,0%,1.2,200,,,,,,,
9,3,1189,https://en.wikipedia.org/wiki/Richard_I_of_England,https://upload.wikimedia.org/wikipedia/commons/thumb/0/09/Gisant_Richard_C%C5%93ur_de_Lion3.JPG/220px-Gisant_Richard_C%C5%93ur_de_Lion3.JPG,12,0,10,0,-10%,0%,1.1,200,,,,,,,
5,27,1199,"https://en.wikipedia.org/wiki/John,_King_of_England",https://upload.wikimedia.org/wikipedia/commons/thumb/0/0c/John_of_England_%28John_Lackland%29.jpg/170px-John_of_England_%28John_Lackland%29.jpg,0,0,33,0,12%,0%,1.3,200,,,,,,,
6,15,1215,https://en.wikipedia.org/wiki/Magna_Carta,https://i1.sndcdn.com/artworks-IlnrxDyVKxyur2aT-iNvIsg-t500x500.jpg,5,0,0,0,-8%,0%,1.1,200,,,,,,,
10,28,1216,https://en.wikipedia.org/wiki/Henry_III_of_England,https://upload.wikimedia.org/wikipedia/commons/thumb/7/76/HenryIII.jpg/220px-HenryIII.jpg,5,0,19,0,0%,0%,1.1,200,,,,,,,
11,20,1272,https://en.wikipedia.org/wiki/Edward_I_of_England,https://upload.wikimedia.org/wikipedia/commons/thumb/c/cb/Edward_I_-_Westminster_Abbey_Sedilia.jpg/220px-Edward_I_-_Westminster_Abbey_Sedilia.jpg,5,0,19,0,0%,0%,1.1,200,,,,,,,
7,7,1307,https://en.wikipedia.org/wiki/Edward_II_of_England,https://upload.wikimedia.org/wikipedia/commons/c/c6/Edward_II_%26_Gaveston_by_Marcus_Stone.jpg,37,49,35,16,-12%,50%,3,200,,,,,,,
1,25,1327,https://en.wikipedia.org/wiki/Edward_III_of_England,https://upload.wikimedia.org/wikipedia/commons/thumb/d/de/Edward_III_of_England_%28Order_of_the_Garter%29.jpg/220px-Edward_III_of_England_%28Order_of_the_Garter%29.jpg,5,0,19,0,0%,0%,1.1,200,,,,,,,
6,21,1377,https://en.wikipedia.org/wiki/Richard_II_of_England,https://upload.wikimedia.org/wikipedia/commons/thumb/c/c5/The_Westminster_Portrait_of_Richard_II_of_England_%281390s%29.jpg/220px-The_Westminster_Portrait_of_Richard_II_of_England_%281390s%29.jpg,6,0,42,0,20%,0%,1.6,200,,,,,,,
11,30,1399,https://en.wikipedia.org/wiki/Henry_IV_of_England,https://upload.wikimedia.org/wikipedia/commons/2/2c/Illumination_of_Henry_IV_%28cropped%29.jpg,5,0,19,0,0%,0%,1.1,200,,,,,,,
3,21,1413,https://en.wikipedia.org/wiki/Henry_V_of_England,https://upload.wikimedia.org/wikipedia/commons/thumb/1/18/King_Henry_V_from_NPG.jpg/220px-King_Henry_V_from_NPG.jpg,5,0,19,0,0%,0%,1.1,200,,,,,,,
9,1,1422,https://en.wikipedia.org/wiki/Henry_VI_of_England,https://upload.wikimedia.org/wikipedia/commons/thumb/e/e4/Henry_VI_of_England%2C_Shrewsbury_book.jpg/220px-Henry_VI_of_England%2C_Shrewsbury_book.jpg,5,0,19,0,0%,0%,1.1,200,,,,,,,
3,4,1461,https://en.wikipedia.org/wiki/Edward_IV,https://upload.wikimedia.org/wikipedia/commons/thumb/4/48/King_Edward_IV.jpg/220px-King_Edward_IV.jpg,5,0,19,0,0%,0%,1.1,200,,,,,,,
6,21,1481,https://en.wikipedia.org/wiki/Aeterni_regis,https://upload.wikimedia.org/wikipedia/commons/thumb/9/9b/Tizian_Portrait_Papst_Sixtus_IV_ca._1545-46_Uffizien_Florenz-01_%28cropped%29.jpg/220px-Tizian_Portrait_Papst_Sixtus_IV_ca._1545-46_Uffizien_Florenz-01_%28cropped%29.jpg,0,0,17,0,0%,0%,1.1,200,,,,,,,
1,19,1482,https://en.wikipedia.org/wiki/Elmina_Castle,https://upload.wikimedia.org/wikipedia/commons/thumb/b/b6/Braun_Elmina_UBHD.jpg/300px-Braun_Elmina_UBHD.jpg,0,0,17,0,0%,0%,1.1,200,,,,,,,
4,9,1483,https://en.wikipedia.org/wiki/Edward_V,https://upload.wikimedia.org/wikipedia/commons/5/53/King-edward-v.jpg,7,0,20,0,0%,0%,1.2,200,,,,,,,
6,26,1483,https://en.wikipedia.org/wiki/Richard_III_of_England,https://upload.wikimedia.org/wikipedia/commons/thumb/a/a1/Richard_III_portrait.jpg/220px-Richard_III_portrait.jpg,0,8,33,8,12%,0%,1.3,200,,,,,,,
8,22,1485,https://en.wikipedia.org/wiki/Henry_VII_of_England,https://upload.wikimedia.org/wikipedia/commons/thumb/0/0d/Enrique_VII_de_Inglaterra%2C_por_un_artista_an%C3%B3nimo.jpg/220px-Enrique_VII_de_Inglaterra%2C_por_un_artista_an%C3%B3nimo.jpg,5,0,19,0,0%,0%,1.1,200,,,,,,,
8,11,1492,https://en.wikipedia.org/wiki/Pope_Alexander_VI,https://upload.wikimedia.org/wikipedia/commons/thumb/c/c4/Portrait_of_Pope_Alexander_VI_Borgia_%28Vatican_Museums_-_Musei_Vaticani%2C_Vatican%29.jpg/220px-Portrait_of_Pope_Alexander_VI_Borgia_%28Vatican_Museums_-_Musei_Vaticani%2C_Vatican%29.jpg,5,0,19,0,0%,0%,1.1,200,,,,,,,
10,12,1492,https://education.nationalgeographic.org/resource/columbus-makes-landfall-caribbean/,https://upload.wikimedia.org/wikipedia/commons/thumb/c/c2/Portrait_of_a_Man%2C_Said_to_be_Christopher_Columbus.jpg/220px-Portrait_of_a_Man%2C_Said_to_be_Christopher_Columbus.jpg,5,0,19,0,0%,0%,1.1,200,,,,,,,
5,4,1493,https://encyclopediavirginia.org/primary-documents/inter-caetera-by-pope-alexander-vi-may-4-1493/,https://www.nlm.nih.gov/nativevoices/assets/timeline/000/000/229/229_w_full.jpg,0,0,17,0,0%,0%,1.1,200,,,,,,,
6,7,1494,https://en.wikipedia.org/wiki/Treaty_of_Tordesillas,https://upload.wikimedia.org/wikipedia/commons/thumb/2/21/Spain_and_Portugal.png/400px-Spain_and_Portugal.png,0,0,17,0,-8%,0%,2,200,,,,,,,
1,1,1504,https://en.wikipedia.org/wiki/Hern%C3%A1n_Cort%C3%A9s#Early_career_in_the_New_World,https://upload.wikimedia.org/wikipedia/commons/thumb/0/06/Retrato_de_Hern%C3%A1n_Cort%C3%A9s.jpg/220px-Retrato_de_Hern%C3%A1n_Cort%C3%A9s.jpg,5,0,19,0,0%,0%,1.1,200,,,,,,,
4,22,1509,https://en.wikipedia.org/wiki/Henry_VIII,https://upload.wikimedia.org/wikipedia/commons/thumb/f/f9/After_Hans_Holbein_the_Younger_-_Portrait_of_Henry_VIII_-_Google_Art_Project.jpg/220px-After_Hans_Holbein_the_Younger_-_Portrait_of_Henry_VIII_-_Google_Art_Project.jpg,5,8,35,8,12%,0%,1.4,200,,,,,,,
11,8,1519,https://en.wikipedia.org/wiki/Spanish_conquest_of_the_Aztec_Empire,https://upload.wikimedia.org/wikipedia/commons/thumb/f/fe/Cortez_%26_La_Malinche.jpg/220px-Cortez_%26_La_Malinche.jpg,5,0,19,0,0%,0%,1.1,200,,,,,,,
5,6,1527,https://en.wikipedia.org/wiki/Sack_of_Rome_(1527),https://www.walksinrome.com/uploads/2/5/1/0/25107996/published/swiss-guards-vatican-city-rome.jpg?1683468523,5,0,19,0,0%,0%,1.1,200,,,,,,,
11,16,1532,https://en.wikipedia.org/wiki/Battle_of_Cajamarca,https://upload.wikimedia.org/wikipedia/commons/thumb/e/ef/La_Captura_de_Atahualpa_-_Juan_Lepiani_1920s.png/300px-La_Captura_de_Atahualpa_-_Juan_Lepiani_1920s.png,5,0,19,0,-8%,0%,1.5,200,,,,,,,
1,18,1535,https://en.wikipedia.org/wiki/Lima,https://upload.wikimedia.org/wikipedia/commons/thumb/0/0c/Lima_POMA1039v.jpg/220px-Lima_POMA1039v.jpg,5,0,19,0,0%,0%,1.1,200,,,,,,,
6,26,1541,https://www.history.com/this-day-in-history/conqueror-of-the-incas-assassinated,https://www.meisterdrucke.us/kunstwerke/1260px/Theodore_de_Bry_-_Francisco_Pizarro_assassinated_by_an_army_of_conspirators_1541_-_%28MeisterDrucke-40364%29.jpg,10,0,23,0,0%,0%,1.3,200,,,,,,,
1,28,1547,https://en.wikipedia.org/wiki/Edward_VI,https://upload.wikimedia.org/wikipedia/commons/thumb/e/e5/Circle_of_William_Scrots_Edward_VI_of_England.jpg/220px-Circle_of_William_Scrots_Edward_VI_of_England.jpg,5,8,35,8,12%,0%,1.4,200,,,,,,,
7,10,1553,https://en.wikipedia.org/wiki/Lady_Jane_Grey,https://upload.wikimedia.org/wikipedia/commons/thumb/8/87/Streathamladyjayne.jpg/220px-Streathamladyjayne.jpg,5,0,19,0,0%,0%,1.1,200,,,,,,,
7,19,1553,https://en.wikipedia.org/wiki/Mary_I_of_England,https://upload.wikimedia.org/wikipedia/commons/thumb/f/fe/Anthonis_Mor_001.jpg/220px-Anthonis_Mor_001.jpg,5,0,19,0,0%,0%,1.1,200,,,,,,,
11,17,1558,https://en.wikipedia.org/wiki/Elizabeth_I,https://upload.wikimedia.org/wikipedia/commons/thumb/a/af/Darnley_stage_3.jpg/220px-Darnley_stage_3.jpg,5,0,19,0,0%,0%,1.1,200,,,,,,,
9,8,1565,"https://en.wikipedia.org/wiki/St._Augustine,_Florida",https://upload.wikimedia.org/wikipedia/commons/thumb/3/38/StAugustineC12.png/290px-StAugustineC12.png,5,0,19,0,0%,0%,1.1,200,,,,,,,
7,1,1569,https://en.wikipedia.org/wiki/Union_of_Lublin,https://upload.wikimedia.org/wikipedia/commons/thumb/5/57/Lublin_Union.PNG/420px-Lublin_Union.PNG,22,20,30,20,0%,0%,1.8,200,,,,,,,
3,20,1602,https://en.wikipedia.org/wiki/Dutch_East_India_Company,https://upload.wikimedia.org/wikipedia/commons/thumb/5/5e/VOC.svg/100px-VOC.svg.png,5,0,19,0,0%,0%,1.1,200,,,,,,,
3,24,1603,https://en.wikipedia.org/wiki/James_VI_and_I,https://upload.wikimedia.org/wikipedia/commons/thumb/6/63/JamesIEngland.jpg/220px-JamesIEngland.jpg,5,0,33,0,10%,0%,1.4,200,,,,,,,
11,5,1605,https://en.wikipedia.org/wiki/Gunpowder_Plot,https://i.ebayimg.com/images/g/vTYAAOSw65FXvKcG/s-l1200.jpg,12,20,25,20,-5%,0%,1.7,200,,,,,,,
5,14,1607,"https://en.wikipedia.org/wiki/Jamestown,_Virginia",https://upload.wikimedia.org/wikipedia/commons/thumb/5/5f/Jamestownzuniga.jpg/220px-Jamestownzuniga.jpg,5,0,19,0,0%,0%,1.1,200,,,,,,,
7,3,1608,https://en.wikipedia.org/wiki/Timeline_of_Quebec_history_(1608%E2%80%931662),https://upload.wikimedia.org/wikipedia/commons/thumb/e/ee/Coat_of_arms_of_Quebec.svg/150px-Coat_of_arms_of_Quebec.svg.png,5,0,0,0,-5%,0%,0.9,200,,,,,,,
5,2,1611,https://en.wikipedia.org/wiki/King_James_Version,https://cdn.kobo.com/book-images/13f7c85f-2fa3-4556-af07-28f855b3c4d4/353/569/90/False/bible-king-james-version-authorized-kjv-1611-best-bible-for-kobo.jpg,5,0,19,0,0%,0%,1.1,200,,,,,,,
3,17,1614,https://en.wikipedia.org/wiki/New_Netherland,https://upload.wikimedia.org/wikipedia/commons/thumb/5/5f/Seal_of_New_Netherland_%28Sigillum_Novi_Belgii%29_Bronze_Cast_Iron.png/85px-Seal_of_New_Netherland_%28Sigillum_Novi_Belgii%29_Bronze_Cast_Iron.png,5,0,0,0,-5%,0%,1.1,200,,,,,,,
4,5,1614,https://www.history.com/this-day-in-history/pocahontas-marries-john-rolfe,https://upload.wikimedia.org/wikipedia/commons/thumb/d/d7/Pocahontas_Rolfe_crop.jpg/220px-Pocahontas_Rolfe_crop.jpg,5,0,19,0,0%,0%,1.1,200,,,,,,,
5,23,1618,https://en.wikipedia.org/wiki/Defenestrations_of_Prague#1618_Defenestration_of_Prague,https://upload.wikimedia.org/wikipedia/commons/5/57/Karel_Svoboda_Defenestrace.jpg,5,0,19,0,-10%,0%,1.1,200,,,,,,,
8,20,1619,https://www.history.com/this-day-in-history/first-african-slave-ship-arrives-jamestown-colony,https://m.media-amazon.com/images/I/81tcKbaIUYL.jpg,5,0,19,0,0%,0%,1.1,200,,,,,,,
7,30,1619,https://en.wikipedia.org/wiki/House_of_Burgesses,https://upload.wikimedia.org/wikipedia/commons/thumb/1/18/Patrick_Henry_Rothermel.jpg/800px-Patrick_Henry_Rothermel.jpg,5,0,19,0,0%,0%,1.1,200,,,,,,,
11,9,1620,https://en.wikipedia.org/wiki/Plymouth_Colony,https://upload.wikimedia.org/wikipedia/commons/thumb/0/0c/Plymouth_Colony_seal.png/100px-Plymouth_Colony_seal.png,5,0,0,0,-10%,0%,1.1,200,,,,,,,
11,25,1621,https://en.wikipedia.org/wiki/Myth_of_the_First_Thanksgiving,https://www.allrecipes.com/thmb/cVQL59QQ70ikOvtpcZU3TmQRPkg=/1500x0/filters:no_upscale():max_bytes(150000):strip_icc()/ALR-166160-juicy-thanksgiving-turkey-VAT-4958-4x3-e9fdc719770d4661b5d831f958e6eb78.jpg,5,0,0,0,-10%,0%,1.1,200,,,,,,,
1,1,1624,https://en.wikipedia.org/wiki/New_Amsterdam,https://upload.wikimedia.org/wikipedia/commons/thumb/6/66/First_Seal_of_New_Amsterdam_%28Sigillum_Amstello_Damensis_in_Novo_Belgio%29_1654.png/100px-First_Seal_of_New_Amsterdam_%28Sigillum_Amstello_Damensis_in_Novo_Belgio%29_1654.png,5,0,0,0,-10%,0%,1.1,200,,,,,,,
3,27,1625,https://en.wikipedia.org/wiki/Charles_I_of_England,https://upload.wikimedia.org/wikipedia/commons/thumb/d/d5/King_Charles_I_after_original_by_van_Dyck.jpg/220px-King_Charles_I_after_original_by_van_Dyck.jpg,6,0,33,0,10%,0%,1.4,200,,,,,,,
1,1,1629,https://en.wikipedia.org/wiki/Massachusetts_Bay_Colony,https://upload.wikimedia.org/wikipedia/commons/thumb/3/3c/Seal_of_the_Massachusetts_Bay_Colony.svg/85px-Seal_of_the_Massachusetts_Bay_Colony.svg.png,0,0,0,0,-10%,0%,1,200,,,,,,,
1,1,1636,https://en.wikipedia.org/wiki/Colony_of_Rhode_Island_and_Providence_Plantations,https://upload.wikimedia.org/wikipedia/commons/thumb/e/e5/Seal_of_the_Colony_of_Rhode_Island_and_Providence_Plantations.svg/128px-Seal_of_the_Colony_of_Rhode_Island_and_Providence_Plantations.svg.png,0,0,0,0,-10%,0%,1.3,200,,,,,,,
11,1,1637,https://www.gilderlehrman.org/news/banishment-anne-hutchinson,https://upload.wikimedia.org/wikipedia/commons/b/b8/Anne_Hutchinson_on_Trial.jpg,5,0,19,0,0%,0%,1.1,200,,,,,,,
3,7,1638,https://en.wikipedia.org/wiki/Portsmouth_Compact,https://riliberator.com/wp-content/uploads/2020/08/portsmouth-ri-flag.png?w=450,20,17,19,17,-7%,0%,1.6,200,,,,,,,
1,24,1639,https://en.wikipedia.org/wiki/Fundamental_Orders_of_Connecticut,https://upload.wikimedia.org/wikipedia/commons/thumb/4/48/Seal_of_Connecticut.svg/188px-Seal_of_Connecticut.svg.png,0,0,0,0,-10%,0%,0.9,200,,,,,,,
5,1,1642,https://en.wikipedia.org/wiki/Fort_Ville-Marie,https://encrypted-tbn0.gstatic.com/images?q=tbn:ANd9GcT8jNJ1QbkAOr69jp5jJulgwtb-KedzZyBMIA&s,0,18,0,0,-10%,10%,1.1,200,,,,,,,
1,30,1649,https://en.wikipedia.org/wiki/Execution_of_Charles_I,https://upload.wikimedia.org/wikipedia/commons/thumb/b/b3/Charles_I_execution%2C_and_execution_of_regicides_%28detail%29.jpg/220px-Charles_I_execution%2C_and_execution_of_regicides_%28detail%29.jpg,5,0,19,0,0%,0%,1.1,200,,,,,,,
4,21,1649,https://en.wikipedia.org/wiki/Maryland_Toleration_Act,https://upload.wikimedia.org/wikipedia/commons/thumb/f/fd/Cecil_Calvert%2C_2nd_Baron_Baltimore%2C_by_Gerard_Soest_%281670%29.jpg/330px-Cecil_Calvert%2C_2nd_Baron_Baltimore%2C_by_Gerard_Soest_%281670%29.jpg,8,0,20,0,0%,0%,1.2,200,,,,,,,
12,16,1653,https://en.wikipedia.org/wiki/Oliver_Cromwell,https://upload.wikimedia.org/wikipedia/commons/thumb/2/24/Oliver_Cromwell_by_Samuel_Cooper.jpg/220px-Oliver_Cromwell_by_Samuel_Cooper.jpg,5,0,19,0,0%,0%,1.1,200,,,,,,,
1,18,1654,https://en.wikipedia.org/wiki/Pereiaslav_Agreement,https://upload.wikimedia.org/wikipedia/commons/thumb/a/af/Boyar_Buturlin_receiving_an_oath_of_loyalty_to_the_Russian_Tsar_from_Bogdan_Khmelnitsky.jpeg/375px-Boyar_Buturlin_receiving_an_oath_of_loyalty_to_the_Russian_Tsar_from_Bogdan_Khmelnitsky.jpeg,22,20,30,20,0%,0%,1.8,200,,,,,,,
9,3,1658,https://en.wikipedia.org/wiki/Richard_Cromwell,https://upload.wikimedia.org/wikipedia/commons/thumb/4/4d/Richard_Cromwell_%281626-1712%29%2C_by_Gerard_Soest.jpg/220px-Richard_Cromwell_%281626-1712%29%2C_by_Gerard_Soest.jpg,5,0,19,0,0%,0%,1.1,200,,,,,,,
5,29,1660,https://en.wikipedia.org/wiki/Charles_II_of_England,https://upload.wikimedia.org/wikipedia/commons/thumb/5/51/King_Charles_II_by_John_Michael_Wright_or_studio.jpg/220px-King_Charles_II_by_John_Michael_Wright_or_studio.jpg,5,0,19,0,0%,0%,1.1,200,,,,,,,
6,1,1660,https://en.wikipedia.org/wiki/Royal_African_Company,https://upload.wikimedia.org/wikipedia/commons/thumb/7/71/Coat_of_Arms_of_the_Royal_African_Company.svg/330px-Coat_of_Arms_of_the_Royal_African_Company.svg.png,0,0,0,0,-10%,0%,1,200,,,,,,,
1,1,1661,https://en.wikipedia.org/wiki/Barbados_Slave_Code,https://upload.wikimedia.org/wikipedia/commons/thumb/9/9e/IJzeren_voetring_voor_gevangenen_transparent_background.png/188px-IJzeren_voetring_voor_gevangenen_transparent_background.png,0,0,0,0,-10%,0%,1,200,,,,,,,
7,8,1663,https://en.wikipedia.org/wiki/Rhode_Island_Royal_Charter,https://upload.wikimedia.org/wikipedia/commons/thumb/9/96/Seal_of_Rhode_Island_%282021%29.svg/150px-Seal_of_Rhode_Island_%282021%29.svg.png,0,0,0,0,-10%,0%,1,200,,,,,,,
3,1,1664,https://en.wikipedia.org/wiki/Province_of_New_Jersey,https://upload.wikimedia.org/wikipedia/commons/thumb/c/ce/New_Jersey_Tricentennial_Flag.svg/330px-New_Jersey_Tricentennial_Flag.svg.png,0,0,0,0,-10%,0%,1,200,,,,,,,
7,30,1676,https://en.wikipedia.org/wiki/Declaration_of_the_People_of_Virginia,https://historicjamestowne.org/wp-content/uploads/Howard_Pyle_The_Burning_of_Jamestown-scaled.jpg,8,0,22,0,0%,0%,1.2,200,,,,,,,
5,28,1677,https://en.wikipedia.org/wiki/Treaty_of_1677,https://upload.wikimedia.org/wikipedia/commons/thumb/4/44/Treaty_of_1677.jpg/300px-Treaty_of_1677.jpg,5,0,19,0,0%,0%,1.1,200,,,,,,,
1,1,1678,https://en.wikipedia.org/wiki/The_Pilgrim%27s_Progress,https://upload.wikimedia.org/wikipedia/commons/thumb/e/ec/Pilgrim%27s_Progress_first_edition_1678.jpg/330px-Pilgrim%27s_Progress_first_edition_1678.jpg,5,0,32,0,10%,0%,1.4,200,,,,,,,
1,1,1681,https://en.wikipedia.org/wiki/Province_of_Pennsylvania,https://upload.wikimedia.org/wikipedia/commons/thumb/9/96/Great_seal_province_of_pennsylvania.PNG/128px-Great_seal_province_of_pennsylvania.PNG,0,0,0,0,-10%,0%,1,200,,,,,,,
2,6,1685,https://en.wikipedia.org/wiki/James_II_of_England,https://upload.wikimedia.org/wikipedia/commons/thumb/9/99/James_II_by_Peter_Lely.jpg/220px-James_II_by_Peter_Lely.jpg,5,0,19,0,0%,0%,1.1,200,,,,,,,
1,1,1689,https://en.wikipedia.org/wiki/William_III_of_England,https://upload.wikimedia.org/wikipedia/commons/thumb/7/78/King_William_III_of_England%2C_%281650-1702%29.jpg/220px-King_William_III_of_England%2C_%281650-1702%29.jpg,5,0,19,0,0%,0%,1.1,200,,,,,,,
1,2,1689,https://en.wikipedia.org/wiki/Mary_II,https://upload.wikimedia.org/wikipedia/commons/thumb/8/80/Mary_II_-_Kneller_1690.jpg/220px-Mary_II_-_Kneller_1690.jpg,10,0,23,0,0%,0%,1.3,200,,,,,,,
12,1,1689,https://en.wikipedia.org/wiki/Two_Treatises_of_Government,https://upload.wikimedia.org/wikipedia/commons/thumb/b/b8/John_Locke.jpg/150px-John_Locke.jpg,5,0,19,0,0%,0%,1.1,200,,,,,,,
3,8,1702,"https://en.wikipedia.org/wiki/Anne,_Queen_of_Great_Britain",https://upload.wikimedia.org/wikipedia/commons/thumb/e/e9/Dahl%2C_Michael_-_Queen_Anne_-_NPG_6187.jpg/220px-Dahl%2C_Michael_-_Queen_Anne_-_NPG_6187.jpg,10,0,23,0,0%,0%,1.3,200,,,,,,,
10,5,1705,https://en.wikipedia.org/wiki/Virginia_Slave_Codes_of_1705,https://encrypted-tbn0.gstatic.com/images?q=tbn:ANd9GcQTIaKqJAWkGDMBDYwVHqLEle316ty4Aka---sfL805Jttt-cVsJKMZK6GIwA1IUzh9LWg&usqp=CAU,5,0,28,0,5%,0%,1.3,200,,,,,,,
7,8,1709,https://en.wikipedia.org/wiki/Battle_of_Poltava,https://upload.wikimedia.org/wikipedia/commons/thumb/e/e9/Marten%27s_Poltava.jpg/450px-Marten%27s_Poltava.jpg,0,20,0,20,-8%,0%,1.8,22,,,,,,,
8,1,1714,https://en.wikipedia.org/wiki/George_I_of_Great_Britain,https://upload.wikimedia.org/wikipedia/commons/thumb/0/02/King_George_I_by_Sir_Godfrey_Kneller%2C_Bt_%283%29.jpg/220px-King_George_I_by_Sir_Godfrey_Kneller%2C_Bt_%283%29.jpg,10,6,23,6,0%,0%,1.3,200,,,,,,,
11,30,1718,https://en.wikipedia.org/wiki/Charles_XII_of_Sweden#Death,https://upload.wikimedia.org/wikipedia/commons/thumb/e/e7/Karl_XIIs_likf%C3%A4rd_-_G%C3%B6teborgs_konstmuseum_-_Gustaf_Cederstr%C3%B6m.JPG/405px-Karl_XIIs_likf%C3%A4rd_-_G%C3%B6teborgs_konstmuseum_-_Gustaf_Cederstr%C3%B6m.JPG,0,14,0,14,-4%,0%,1.5,22,,,,,,,
5,7,1682,https://en.wikipedia.org/wiki/Peter_the_Great,https://upload.wikimedia.org/wikipedia/commons/thumb/2/23/J.-M._Nattier_%28d%27apr%C3%A8s%29_-_Portrait_de_Pierre_Ier_%28mus%C3%A9e_de_l%E2%80%99Ermitage%29.jpg/330px-J.-M._Nattier_%28d%27apr%C3%A8s%29_-_Portrait_de_Pierre_Ier_%28mus%C3%A9e_de_l%E2%80%99Ermitage%29.jpg,5,0,19,0,0%,0%,1.1,200,,,,,,,
11,2,1721,https://en.wikipedia.org/wiki/Peter_the_Great,https://upload.wikimedia.org/wikipedia/commons/thumb/e/ee/Peter_Imperor_whole_Russia.jpeg/330px-Peter_Imperor_whole_Russia.jpeg,22,20,30,20,0%,0%,1.8,200,,,,,,,
6,22,1727,https://en.wikipedia.org/wiki/George_II_of_Great_Britain,https://upload.wikimedia.org/wikipedia/commons/thumb/c/cf/George_II_by_Thomas_Hudson.jpg/220px-George_II_by_Thomas_Hudson.jpg,10,0,23,0,0%,0%,1.3,200,,,,,,,
6,9,1732,https://en.wikipedia.org/wiki/Province_of_Georgia,https://faculty.gsu.edu/files/2017/01/Georgia-Peach-e1486657070247.jpeg,0,0,19,0,-10%,0%,1.5,200,,,,,,,
12,28,1732,https://en.wikipedia.org/wiki/Poor_Richard's_Almanack,https://images.booksense.com/images/604/373/9788119373604.jpg,0,0,27,0,7%,0%,1.2,200,,,,,,,
6,4,1738,https://en.wikipedia.org/wiki/George_III,https://upload.wikimedia.org/wikipedia/commons/thumb/8/8f/Allan_Ramsay_-_King_George_III_in_coronation_robes_-_Google_Art_Project.jpg/220px-Allan_Ramsay_-_King_George_III_in_coronation_robes_-_Google_Art_Project.jpg,10,0,23,0,0%,0%,1.3,200,,,,,,,
9,9,1739,https://en.wikipedia.org/wiki/Stono_Rebellion,https://cdn.britannica.com/94/234494-138-E90A7B40/did-you-know-Stono-Rebellion.jpg?w=800&h=450&c=crop,0,23,0,23,-8%,0%,2,22,,,,,,,
5,10,1740,https://en.wikipedia.org/wiki/Negro_Act_of_1740,https://samepassage.org/wp-content/uploads/2023/04/negroact_main2.jpg,30,27,28,4,-8%,25%,2,22,,,,,,,
3,18,1741,https://en.wikipedia.org/wiki/New_York_Conspiracy_of_1741,https://upload.wikimedia.org/wikipedia/commons/d/db/1741_Slave_Revolt_burned_at_the_stake_NYC.jpg,20,10,0,10,-10%,0%,1.3,22,,,,,,,
7,8,1741,https://en.wikipedia.org/wiki/Sinners_in_the_Hands_of_an_Angry_God,https://i5.walmartimages.com/seo/Sinners-in-the-Hands-of-an-angry-GOD-Paperback-9781609620486_bd5b14a8-078f-4a54-9332-daa60705ae50.b552f60e35cd5cc72fee607760a6ad52.jpeg,5,0,21,0,0%,0%,1.2,200,,,,,,,
1,1,1751,"https://www.georgiaencyclopedia.org/articles/history-archaeology/slavery-in-colonial-georgia/#:~:text=The%20city%20of%20Savannah%20served,the%20importation%20of%20enslaved%20people.",https://bunny-wp-pullzone-cjamrcljf0.b-cdn.net/wp-content/uploads/2021/02/equiano_001-666x1024.jpg,5,0,21,0,0%,0%,1.2,200,,,,,,,
5,28,1754,https://en.wikipedia.org/wiki/Battle_of_Jumonville_Glen,https://upload.wikimedia.org/wikipedia/commons/4/4e/Jumonville.JPG,5,0,19,0,0%,0%,1.1,200,,,,,,,
7,3,1754,https://en.wikipedia.org/wiki/Battle_of_Fort_Necessity,https://upload.wikimedia.org/wikipedia/commons/thumb/5/56/NPS_Diorama_Fort_Necessity_battle.jpg/1920px-NPS_Diorama_Fort_Necessity_battle.jpg,0,54,0,0,-10%,65%,2.4,200,,,,,,,
7,10,1754,https://en.wikipedia.org/wiki/Albany_Plan,https://upload.wikimedia.org/wikipedia/commons/thumb/5/5c/Benjamin_Franklin_1759.jpg/330px-Benjamin_Franklin_1759.jpg,5,0,19,0,0%,0%,1.1,200,,,,,,,
7,9,1755,https://en.wikipedia.org/wiki/Battle_of_the_Monongahela,https://upload.wikimedia.org/wikipedia/commons/thumb/e/ef/Braddock%27s_death_at_the_Battle_of_Monongahela_9-July-1755.jpg/255px-Braddock%27s_death_at_the_Battle_of_Monongahela_9-July-1755.jpg,27,10,14,10,-15%,0%,1.4,22,,,,,,,
10,1,1756,https://en.wikipedia.org/wiki/Battle_of_Lobositz,https://upload.wikimedia.org/wikipedia/commons/thumb/6/68/Schlacht_bei_Lobositz.jpg/450px-Schlacht_bei_Lobositz.jpg,0,10,0,10,-15%,0%,1.4,22,,,,,,,
9,14,1758,https://en.wikipedia.org/wiki/Battle_of_Fort_Duquesne,https://upload.wikimedia.org/wikipedia/commons/thumb/a/aa/Duquesne_Dukes_logo.svg/225px-Duquesne_Dukes_logo.svg.png,5,0,19,0,0%,0%,1.1,200,,,,,,,
11,24,1758,https://en.wikipedia.org/wiki/Forbes_Expedition,https://upload.wikimedia.org/wikipedia/commons/4/49/FortDuquesne.jpg,0,0,19,0,0%,0%,1.1,200,,,,,,,
2,1,1762,https://en.wikipedia.org/wiki/The_Social_Contract,https://book-assets.openroadmedia.com/9781504035460.jpg,7,0,23,0,0%,0%,1.2,200,,,,,,,
1,5,1762,https://en.wikipedia.org/wiki/Peter_III_of_Russia,https://upload.wikimedia.org/wikipedia/commons/thumb/0/08/Coronation_portrait_of_Peter_III_of_Russia_-1761.JPG/330px-Coronation_portrait_of_Peter_III_of_Russia_-1761.JPG,5,0,19,0,0%,0%,1.1,200,,,,,,,
5,5,1762,https://en.wikipedia.org/wiki/Treaty_of_Saint_Petersburg_(1762),https://c8.alamy.com/comp/P8DH4K/treaty-of-saint-petersburg-1762-alliance-between-king-frederick-ii-the-great-and-emperor-peter-iii-of-russia-museum-russian-state-historical-library-moscow-P8DH4K.jpg,22,20,30,20,0%,0%,1.8,200,,,,,,,
7,9,1762,https://en.wikipedia.org/wiki/Catherine_the_Great,https://upload.wikimedia.org/wikipedia/commons/thumb/7/72/Catherine_II_after_Roslin%2C_Rokotov_%281780s%2C_Kunsthistorisches_Museum%29.jpg/330px-Catherine_II_after_Roslin%2C_Rokotov_%281780s%2C_Kunsthistorisches_Museum%29.jpg,5,0,19,0,0%,0%,1.1,200,,,,,,,
2,10,1763,https://en.wikipedia.org/wiki/Treaty_of_Paris_(1763),https://upload.wikimedia.org/wikipedia/commons/thumb/1/14/Allegorie_op_de_Vrede_van_Parijs_Paix_rendue_%C3%A0_l%27Europe_%28titel_op_object%29_Pax_Europae_Reddita_%28titel_op_object%29%2C_RP-P-1928-204_%28cropped%29.jpg/330px-Allegorie_op_de_Vrede_van_Parijs_Paix_rendue_%C3%A0_l%27Europe_%28titel_op_object%29_Pax_Europae_Reddita_%28titel_op_object%29%2C_RP-P-1928-204_%28cropped%29.jpg,5,0,19,0,0%,0%,1.1,200,,,,,,,
10,7,1763,https://en.wikipedia.org/wiki/Royal_Proclamation_of_1763,https://upload.wikimedia.org/wikipedia/commons/thumb/3/38/Map_of_territorial_growth_1775.svg/330px-Map_of_territorial_growth_1775.svg.png,5,0,19,0,0%,0%,1.1,200,,,,,,,
11,1,1765,https://en.wikipedia.org/wiki/Stamp_Act_1765,https://msa.maryland.gov/msa/mdstatehouse/img_content/thumb_fatal_stamp.jpg,5,0,19,0,0%,0%,1.1,200,,,,,,,
3,18,1766,https://en.wikipedia.org/wiki/Declaratory_Act,https://images.slideplayer.com/24/7009956/slides/slide_46.jpg,25,24,33,24,0%,0%,2,200,,,,,,,
6,29,1767,https://en.wikipedia.org/wiki/Townshend_Acts,https://upload.wikimedia.org/wikipedia/commons/thumb/9/9a/CharlesTownshend.jpg/330px-CharlesTownshend.jpg,5,0,19,0,0%,0%,1.1,200,,,,,,,
8,1,1768,https://en.wikipedia.org/wiki/Boston_Non-importation_agreement,https://upload.wikimedia.org/wikipedia/commons/thumb/6/66/BostonChronicleNonImportationAgreement.jpg/800px-BostonChronicleNonImportationAgreement.jpg,5,0,19,0,0%,0%,1.1,200,,,,,,,
1,28,1770,"https://en.wikipedia.org/wiki/Frederick_North,_Lord_North",https://upload.wikimedia.org/wikipedia/commons/thumb/4/4f/Frederick_North%2C_2nd_Earl_of_Guilford_by_Nathaniel_Dance%2C_%28later_Sir_Nathaniel_Dance-Holland%2C_Bt%29.jpg/220px-Frederick_North%2C_2nd_Earl_of_Guilford_by_Nathaniel_Dance%2C_%28later_Sir_Nathaniel_Dance-Holland%2C_Bt%29.jpg,5,0,19,0,0%,0%,1.1,200,,,,,,,
3,5,1770,https://en.wikipedia.org/wiki/Boston_Massacre,https://upload.wikimedia.org/wikipedia/commons/thumb/6/6d/The_Boston_Massacre_MET_DT2086.jpg/390px-The_Boston_Massacre_MET_DT2086.jpg,5,0,19,0,0%,0%,1.1,200,,,,,,,
6,9,1772,https://en.wikipedia.org/wiki/Gaspee_affair,https://upload.wikimedia.org/wikipedia/commons/thumb/0/08/Destruction_of_the_schooner_gaspee.jpg/390px-Destruction_of_the_schooner_gaspee.jpg,0,11,0,11,-15%,0%,1.4,22,,,,,,,
11,1,1772,https://en.wikipedia.org/wiki/Committees_of_correspondence,https://upload.wikimedia.org/wikipedia/commons/thumb/0/00/Samuel_Adams_by_John_Singleton_Copley.jpg/330px-Samuel_Adams_by_John_Singleton_Copley.jpg,5,0,19,0,0%,0%,1.1,200,,,,,,,
5,10,1773,https://en.wikipedia.org/wiki/Tea_Act,https://s10cdn.joomag.com/res_mag/0/132/132936/1009074/thumbs/25111255.jpg?1558099079,5,0,19,0,0%,0%,1.1,200,,,,,,,
3,31,1774,https://en.wikipedia.org/wiki/Intolerable_Acts,https://i.ytimg.com/vi/0F0uPpYW68Q/maxresdefault.jpg,25,30,33,3,0%,25%,1.7,200,,,,,,,
6,22,1774,https://en.wikipedia.org/wiki/Quebec_Act,https://i.ytimg.com/vi/-zOdwLoxBao/maxresdefault.jpg,25,22,33,22,-5%,0%,1.8,200,,,,,,,
9,5,1774,https://hamiltonmusical.fandom.com/wiki/Free_Thoughts_on_the_Proceedings_of_the_Continental_Congress,https://encrypted-tbn0.gstatic.com/images?q=tbn:ANd9GcTIXHbPA9o_laoBemkSmt9nZb8u1dbz3IcekQ&s,5,0,19,0,0%,0%,1.1,200,,,,,,,
3,23,1775,https://en.wikipedia.org/wiki/Give_me_liberty_or_give_me_death!,https://upload.wikimedia.org/wikipedia/commons/thumb/e/ea/Patrick_henry.JPG/220px-Patrick_henry.JPG,5,0,19,0,0%,0%,1.1,200,,,,,,,
4,18,1775,https://en.wikipedia.org/wiki/Paul_Revere%27s_midnight_ride,https://upload.wikimedia.org/wikipedia/commons/thumb/e/e2/Paul_Revere%27s_ride.jpg/330px-Paul_Revere%27s_ride.jpg,5,0,19,0,0%,0%,1.1,200,,,,,,,
2,9,1775,https://alphahistory.com/americanrevolution/rebellion-declared-massachusetts-1775/,https://cdn.nationalarchives.gov.uk/blog/wp-content/uploads/2023/02/02084043/1775-Proclamation-for-Suppressing-Rebellion-and-Sedition-full.png,7,0,22,0,0%,0%,1.2,200,,,,,,,
4,19,1775,https://en.wikipedia.org/wiki/Battles_of_Lexington_and_Concord,https://upload.wikimedia.org/wikipedia/commons/thumb/9/9c/BEP-DELNOCE-Battle_of_Lexington_%28Darley%29.jpg/800px-BEP-DELNOCE-Battle_of_Lexington_%28Darley%29.jpg,10,0,19,0,0%,0%,1.1,200,,,,,,,
5,10,1775,https://en.wikipedia.org/wiki/Capture_of_Fort_Ticonderoga,https://upload.wikimedia.org/wikipedia/commons/thumb/f/f8/EthanAllenTiconderogaByJSDavis.jpeg/450px-EthanAllenTiconderogaByJSDavis.jpeg,25,24,33,24,0%,0%,2,200,,,,,,,
6,17,1775,https://en.wikipedia.org/wiki/Battle_of_Bunker_Hill,https://upload.wikimedia.org/wikipedia/commons/thumb/c/cf/The_Death_of_General_Warren_at_the_Battle_of_Bunker%27s_Hill.jpg/450px-The_Death_of_General_Warren_at_the_Battle_of_Bunker%27s_Hill.jpg,25,24,33,24,0%,0%,2,200,,,,,,,
6,19,1775,https://guides.loc.gov/washington-commission,https://tile.loc.gov/storage-services/service/pnp/cph/3b50000/3b51000/3b51000/3b51028r.jpg,25,24,33,24,0%,0%,2,200,,,,,,,
9,25,1775,https://en.wikipedia.org/wiki/Battle_of_Longue-Pointe,https://upload.wikimedia.org/wikipedia/commons/thumb/4/4c/EthanAllenBeforePrescott1775.jpeg/800px-EthanAllenBeforePrescott1775.jpeg,13,11,25,7,0%,0%,1.4,200,,,,,,,
10,10,1775,https://www.californiasar.org/2022/10/general-william-howe-replaces-lt-general-thomas-gage/,https://upload.wikimedia.org/wikipedia/commons/thumb/d/d7/Gen._Sir_William_Howe.jpg/330px-Gen._Sir_William_Howe.jpg,5,0,19,0,0%,0%,1.1,200,,,,,,,
10,18,1775,https://en.wikipedia.org/wiki/Burning_of_Falmouth,https://images.squarespace-cdn.com/content/v1/5a96eda83c3a539c1c4aa54d/1633730642597-LJA40OFC5RIJ7SL6NQ9B/falmouth.png?format=1000w,5,0,0,0,-5%,0%,1.1,200,,,,,,,
12,31,1775,https://en.wikipedia.org/wiki/Battle_of_Quebec_(1775),https://upload.wikimedia.org/wikipedia/commons/thumb/e/eb/Canadian_militiamen_and_British_soldiers_repulse_the_American_assault_at_Sault-au-Matelot.jpg/450px-Canadian_militiamen_and_British_soldiers_repulse_the_American_assault_at_Sault-au-Matelot.jpg,25,24,33,24,0%,0%,2,200,,,,,,,
1,1,1776,https://en.wikipedia.org/wiki/Burning_of_Norfolk,https://encyclopediavirginia.org/wp-content/uploads/2024/03/incident_norfolk.png,5,0,19,0,0%,0%,1.1,200,,,,,,,
1,10,1776,https://en.wikipedia.org/wiki/Common_Sense,https://upload.wikimedia.org/wikipedia/commons/thumb/a/aa/Thomas_Paine_rev1.jpg/330px-Thomas_Paine_rev1.jpg,5,0,19,0,0%,0%,1.1,200,,,,,,,
3,9,1776,https://en.wikipedia.org/wiki/The_Wealth_of_Nations,https://upload.wikimedia.org/wikipedia/commons/thumb/4/43/Adam_Smith_The_Muir_portrait.jpg/330px-Adam_Smith_The_Muir_portrait.jpg,5,0,19,0,0%,0%,1.1,200,,,,,,,
7,4,1776,https://en.wikipedia.org/wiki/United_States_Declaration_of_Independence,https://upload.wikimedia.org/wikipedia/commons/thumb/f/f9/Declaration_of_Independence_%281819%29%2C_by_John_Trumbull.jpg/300px-Declaration_of_Independence_%281819%29%2C_by_John_Trumbull.jpg,25,3,33,45,0%,-42%,2,200,,,,,,,
7,5,1775,https://en.wikipedia.org/wiki/Olive_Branch_Petition,https://media.licdn.com/dms/image/v2/C4E12AQHi0KI6quoNbg/article-cover_image-shrink_600_2000/article-cover_image-shrink_600_2000/0/1593957500950?e=2147483647&v=beta&t=V4FPA2DyMqqEFqzrjF0FUpor9WMd_GzBjBUUHWoUV3w,0,0,0,0,-10%,0%,1.1,200,,,,,,,
7,6,1775,https://en.wikipedia.org/wiki/Declaration_of_the_Causes_and_Necessity_of_Taking_Up_Arms,https://encrypted-tbn0.gstatic.com/images?q=tbn:ANd9GcTP4kapk4eTPWCg0ru0Zee96n3qq-tcVIq5Qg&s,10,0,23,0,0%,0%,1.3,200,,,,,,,
7,12,1776,https://www.californiasar.org/2022/07/admiral-howes-fleet-arrives-at-staten-island/,https://patriottoursnyc.com/wp-content/uploads/2018/09/British_troops_landing_at_Kips_Bay_1776.jpg,25,24,33,24,0%,0%,2,200,,,,,,,
8,27,1776,https://en.wikipedia.org/wiki/Battle_of_Long_Island,https://upload.wikimedia.org/wikipedia/commons/thumb/b/b3/BattleofLongisland.jpg/390px-BattleofLongisland.jpg,25,24,33,24,0%,0%,2,200,,,,,,,
9,11,1776,https://en.wikipedia.org/wiki/Staten_Island_Peace_Conference,https://upload.wikimedia.org/wikipedia/commons/thumb/a/a6/StatenIslandConference_By_Chappel.jpg/450px-StatenIslandConference_By_Chappel.jpg,5,0,19,0,0%,0%,1.1,200,,,,,,,
9,15,1776,https://en.wikipedia.org/wiki/Landing_at_Kip%27s_Bay,https://upload.wikimedia.org/wikipedia/commons/thumb/f/f1/The_British_landing_at_Kip%27s_Bay%2C_New_York_Island%2C_15_September_1776_RMG_PAH9491.jpg/450px-The_British_landing_at_Kip%27s_Bay%2C_New_York_Island%2C_15_September_1776_RMG_PAH9491.jpg,25,24,33,24,0%,0%,2,200,,,,,,,
9,16,1776,https://en.wikipedia.org/wiki/Battle_of_Harlem_Heights,https://upload.wikimedia.org/wikipedia/commons/thumb/c/c0/The_Battle_of_Harlem_Heights%2C_September_16%2C_1776_%28NYPL_b12610613-424867%29.jpg/1024px-The_Battle_of_Harlem_Heights%2C_September_16%2C_1776_%28NYPL_b12610613-424867%29.jpg,26,24,34,24,0%,0%,2.1,200,,,,,,,
9,22,1776,https://en.wikipedia.org/wiki/Nathan_Hale#Death_and_purported_last_words,https://upload.wikimedia.org/wikipedia/commons/thumb/4/4c/Nathan_Hale_hanged_by_British_1776.gif/330px-Nathan_Hale_hanged_by_British_1776.gif,26,24,34,24,0%,0%,2.1,200,,,,,,,
10,28,1776,https://en.wikipedia.org/wiki/Battle_of_White_Plains,https://upload.wikimedia.org/wikipedia/commons/thumb/b/b2/Battle_of_white_plains_historic_site_073105.jpg/390px-Battle_of_white_plains_historic_site_073105.jpg,25,24,33,24,0%,0%,2,200,,,,,,,
11,16,1776,https://en.wikipedia.org/wiki/Battle_of_Fort_Washington,https://upload.wikimedia.org/wikipedia/commons/thumb/1/1d/A_View_of_the_Attack_Against_Fort_Washington_%28cropped%29.jpeg/390px-A_View_of_the_Attack_Against_Fort_Washington_%28cropped%29.jpeg,25,24,33,24,0%,0%,2,200,,,,,,,
12,25,1776,https://en.wikipedia.org/wiki/George_Washington%27s_crossing_of_the_Delaware_River,https://upload.wikimedia.org/wikipedia/commons/thumb/9/95/Washington_Crossing_the_Delaware_by_Emanuel_Leutze%2C_MMA-NYC%2C_1851.jpg/480px-Washington_Crossing_the_Delaware_by_Emanuel_Leutze%2C_MMA-NYC%2C_1851.jpg,25,24,33,24,0%,0%,2,200,,,,,,,
12,26,1776,https://en.wikipedia.org/wiki/Battle_of_Trenton,https://upload.wikimedia.org/wikipedia/commons/thumb/9/9c/Battle_of_Trenton_by_Charles_McBarron.jpg/450px-Battle_of_Trenton_by_Charles_McBarron.jpg,29,24,33,24,0%,0%,2,200,,,,,,,
12,16,1773,https://en.wikipedia.org/wiki/Boston_Tea_Party,https://poseidonnavigation.com/wp-content/uploads/2016/12/tea-2.jpg,25,24,33,24,0%,0%,2,200,,,,,,,
2,2,1777,https://en.wikipedia.org/wiki/Battle_of_the_Assunpink_Creek,https://upload.wikimedia.org/wikipedia/commons/thumb/3/35/View_of_the_triumphal_arch_and_the_manner_of_receiving_General_Washington_at_Trenton%2C_on_his_route_to_New-York%2C_April_21st_1789_%28NYPL%29_%28cropped%29.jpg/1024px-View_of_the_triumphal_arch_and_the_manner_of_receiving_General_Washington_at_Trenton%2C_on_his_route_to_New-York%2C_April_21st_1789_%28NYPL%29_%28cropped%29.jpg,25,24,33,24,0%,0%,2,200,,,,,,,
2,3,1777,https://en.wikipedia.org/wiki/Battle_of_Princeton,https://upload.wikimedia.org/wikipedia/commons/thumb/f/f6/Princetonwashington.jpg/450px-Princetonwashington.jpg,26,24,33,24,0%,0%,2,200,,,,,,,
8,16,1777,https://en.wikipedia.org/wiki/Battle_of_Bennington,https://upload.wikimedia.org/wikipedia/commons/thumb/9/98/The_Battle_of_Bennington_by_Don_Troiani.jpg/330px-The_Battle_of_Bennington_by_Don_Troiani.jpg,26,24,33,24,0%,0%,2,200,,,,,,,
9,11,1777,https://en.wikipedia.org/wiki/Battle_of_Brandywine,https://upload.wikimedia.org/wikipedia/commons/thumb/b/bf/PyleNationmakersPre1911.jpg/390px-PyleNationmakersPre1911.jpg,26,24,33,24,0%,0%,2,200,,,,,,,
9,19,1777,https://en.wikipedia.org/wiki/Battles_of_Saratoga#First_Saratoga:_Battle_of_Freeman's_Farm_(September_19),https://upload.wikimedia.org/wikipedia/commons/thumb/1/15/John_Neilson_House%2C_Bemis_Heights%2C_Stillwater%2C_Saratoga_County%2C_NY.jpg/330px-John_Neilson_House%2C_Bemis_Heights%2C_Stillwater%2C_Saratoga_County%2C_NY.jpg,26,24,33,24,0%,0%,2,200,,,,,,,
10,4,1777,https://en.wikipedia.org/wiki/Battle_of_Germantown,https://upload.wikimedia.org/wikipedia/commons/thumb/1/15/Germantown.jpg/450px-Germantown.jpg,26,24,33,24,0%,0%,2,200,,,,,,,
10,7,1777,https://en.wikipedia.org/wiki/Battles_of_Saratoga#Second_Saratoga:_Battle_of_Bemis_Heights_(October_7),https://upload.wikimedia.org/wikipedia/commons/3/3e/Arnold_at_Saratoga.jpg,26,24,33,24,0%,0%,2,200,,,,,,,
10,17,1777,https://en.wikipedia.org/wiki/Battles_of_Saratoga,https://upload.wikimedia.org/wikipedia/commons/thumb/7/71/Surrender_of_General_Burgoyne.jpg/512px-Surrender_of_General_Burgoyne.jpg,26,24,33,24,0%,0%,2,200,,,,,,,
9,26,1777,https://www.americanacorner.com/blog/british-capture-philadelphia,https://blogger.googleusercontent.com/img/b/R29vZ2xl/AVvXsEgS0HW95ej7hj4oCEn2Bq4RIrcrY2lMViDDi69FdHQO11Lxf2agR-Sexb7dy1OlIlGDZPqti6H7cb4ltgGmMmi7VkKXmWZ7sfBQABzsf-tGt4aZj8I6awKQqSBNvqAm__eQFFkcD2l5hew3/s866/British_Philadelphia.jpg,26,24,33,24,0%,0%,2,200,,,,,,,
11,15,1777,https://en.wikipedia.org/wiki/Articles_of_Confederation,https://aaregistry.org/wp-content/uploads/2018/09/Articles-of-Confederation.jpg,0,0,35,0,14%,0%,1.3,200,,,,,,,
2,8,1778,https://en.wikipedia.org/wiki/Franco-American_alliance,https://sjcctimes.com/wp-content/uploads/2018/09/France-vs-America-politics-1024x683-900x600.jpg,26,24,33,24,0%,0%,2,200,,,,,,,
6,18,1778,https://www.history.com/this-day-in-history/british-abandon-philadelphia,https://cropper.watch.aetnd.com/public-content-aetn.video.aetnd.com/video-thumbnails/AETN-History_VMS/990/703/History_BYDK_Revolutionary_War_SF02_HD.jpg,10,24,33,24,0%,0%,2,200,,,,,,,
6,28,1778,https://en.wikipedia.org/wiki/Battle_of_Monmouth,https://upload.wikimedia.org/wikipedia/commons/thumb/9/9f/BattleofMonmouth.jpg/450px-BattleofMonmouth.jpg,26,24,33,24,0%,0%,2,200,,,,,,,
12,24,1778,https://hamiltonmusical.fandom.com/wiki/Lee-Laurens_duel,https://pm1.aminoapps.com/7052/791dad81e880d60e1bc988bba84a2a572a29981ar1-712-652v2_uhq.jpg,26,24,33,24,0%,0%,2,200,,,,,,,
12,29,1778,https://en.wikipedia.org/wiki/Capture_of_Savannah,https://upload.wikimedia.org/wikipedia/commons/thumb/d/d5/A_view_of_the_town_of_Savanah%2C_1741.jpg/330px-A_view_of_the_town_of_Savanah%2C_1741.jpg,26,24,33,24,0%,0%,2,200,,,,,,,
4,12,1779,https://en.wikipedia.org/wiki/Treaty_of_Aranjuez_(1779),https://encrypted-tbn0.gstatic.com/images?q=tbn:ANd9GcRE9Ap16-pl6AD8wMWQul_CkeCQSRLg8A3CJg&s,26,24,33,24,0%,0%,2,200,,,,,,,
1,26,1780,https://simple.wikipedia.org/wiki/Benedict_Arnold#Court_martial,https://th-thumbnailer.cdn-si-edu.com/55jIMxkTwkhkNsm2rCKA2Z0K0vo=/fit-in/1200x0/filters:focal(326x280:327x281)/https://tf-cmsv2-smithsonianmag-media.s3.amazonaws.com/filer/52/64/52646131-a83b-492c-83a7-e98d20e2f28e/may2016_c01_colbenedictphilbrick-wr-v4.jpg,26,24,33,24,0%,0%,2,200,,,,,,,
5,29,1780,https://en.wikipedia.org/wiki/Battle_of_Waxhaws,https://upload.wikimedia.org/wikipedia/commons/e/e9/Waxhaw_massacre_sketch.jpg,26,24,33,24,0%,0%,2,200,,,,,,,
8,3,1780,https://www.californiasar.org/2022/08/benedict-arnold-given-command-of-west-point/,https://upload.wikimedia.org/wikipedia/commons/thumb/2/2e/U.S._Military_Academy_Coat_of_Arms.svg/800px-U.S._Military_Academy_Coat_of_Arms.svg.png,0,0,0,0,-10%,0%,1.1,200,,,,,,,
8,16,1780,https://en.wikipedia.org/wiki/Battle_of_Camden,https://upload.wikimedia.org/wikipedia/commons/thumb/6/6a/Battle_of_Camden.jpg/450px-Battle_of_Camden.jpg,26,24,33,24,0%,0%,2,200,,,,,,,
9,23,1780,https://sleepyhollowcountry.com/the-capture-of-john-andre/,https://sleepyhollowcountry.com/wp-content/uploads/2023/04/p15138coll16_7_full-1140x734.jpg,26,24,33,24,0%,0%,2,200,,,,,,,
10,2,1780,https://en.wikipedia.org/wiki/John_Andr%C3%A9#Trial_and_execution,https://upload.wikimedia.org/wikipedia/commons/thumb/0/04/Major_John_Andr%C3%A901.jpg/330px-Major_John_Andr%C3%A901.jpg,26,24,33,24,0%,0%,2,200,,,,,,,
1,17,1781,https://en.wikipedia.org/wiki/Battle_of_Cowpens,https://avoiceofliberty.com/wp-content/uploads/2019/07/the-patriot-1.jpg?w=640,0,24,33,24,-10%,0%,2,200,,,,,,,
3,15,1781,https://en.wikipedia.org/wiki/Battle_of_Guilford_Court_House,https://upload.wikimedia.org/wikipedia/commons/thumb/f/f1/Battle_of_Guilford_Courthouse_15_March_1781.jpg/450px-Battle_of_Guilford_Courthouse_15_March_1781.jpg,26,24,33,24,0%,0%,2,200,,,,,,,
9,5,1781,https://en.wikipedia.org/wiki/Battle_of_the_Chesapeake,https://upload.wikimedia.org/wikipedia/commons/thumb/e/e9/BattleOfVirginiaCapes.jpg/450px-BattleOfVirginiaCapes.jpg,26,24,33,24,0%,0%,2,200,,,,,,,
10,19,1781,https://en.wikipedia.org/wiki/Surrender_of_Lord_Cornwallis,https://upload.wikimedia.org/wikipedia/commons/thumb/b/b8/Surrender_of_Lord_Cornwallis.jpg/450px-Surrender_of_Lord_Cornwallis.jpg,26,24,33,24,0%,0%,2,200,,,,,,,
3,8,1782,https://en.wikipedia.org/wiki/Gnadenhutten_massacre,https://upload.wikimedia.org/wikipedia/commons/thumb/4/41/GnadenhuttenMassacre1852.png/220px-GnadenhuttenMassacre1852.png,26,24,33,24,0%,0%,2,200,,,,,,,
8,19,1782,https://en.wikipedia.org/wiki/Battle_of_Blue_Licks,https://upload.wikimedia.org/wikipedia/commons/thumb/5/5f/Daniel_Boone_At_Battle_of_Blue_Licks_Indian_History_For_Young_Folks_By_Francis_S_Drake.jpg/450px-Daniel_Boone_At_Battle_of_Blue_Licks_Indian_History_For_Young_Folks_By_Francis_S_Drake.jpg,26,24,33,24,0%,0%,2,200,,,,,,,
9,3,1783,https://en.wikipedia.org/wiki/Treaty_of_Paris_(1783),https://upload.wikimedia.org/wikipedia/commons/thumb/f/fe/Treaty_of_Paris_by_Benjamin_West_1783.jpg/330px-Treaty_of_Paris_by_Benjamin_West_1783.jpg,26,24,33,24,0%,0%,2,200,,,,,,,
7,13,1787,https://en.wikipedia.org/wiki/Northwest_Ordinance,https://upload.wikimedia.org/wikipedia/commons/9/9e/Northwest-territory-usa-1787.png,26,24,33,24,0%,0%,2,200,,,,,,,
6,21,1788,https://en.wikipedia.org/wiki/Constitution_of_the_United_States,https://s35049.pcdn.co/wp-content/uploads/2021/06/Constitution-of-the-United-States.jpg,26,24,33,24,0%,0%,2,200,,,,,,,
12,15,1788,https://en.wikipedia.org/wiki/1788%E2%80%9389_United_States_presidential_election,https://upload.wikimedia.org/wikipedia/commons/thumb/1/1b/ElectoralCollege1789.svg/350px-ElectoralCollege1789.svg.png,0,0,0,0,-10%,1%,1.9,200,,,,,,,
3,4,1789,https://www.senate.gov/about/origins-foundations/senate-and-constitution/constitution.htm,https://upload.wikimedia.org/wikipedia/commons/thumb/d/d5/Flag_of_the_United_States_%281795%E2%80%931818%29.svg/1024px-Flag_of_the_United_States_%281795%E2%80%931818%29.svg.png,26,24,33,24,0%,0%,2,200,,,,,,,
5,5,1789,https://en.wikipedia.org/wiki/Estates_General_of_1789,https://upload.wikimedia.org/wikipedia/commons/thumb/9/91/Estatesgeneral.jpg/375px-Estatesgeneral.jpg,26,24,33,24,0%,0%,2,200,,,,,,,
6,20,1789,https://en.wikipedia.org/wiki/Tennis_Court_Oath,https://upload.wikimedia.org/wikipedia/commons/thumb/6/6d/Le_Serment_du_Jeu_de_paume.jpg/375px-Le_Serment_du_Jeu_de_paume.jpg,26,24,33,24,0%,0%,2,200,,,,,,,
7,11,1789,https://alphahistory.com/frenchrevolution/de-stael-sacking-of-necker-1789/,https://cdn.britannica.com/54/9854-050-32CCAD6F/Jacques-Necker.jpg?w=200&h=200&c=crop,26,24,33,24,0%,0%,2,200,,,,,,,
7,14,1789,https://en.wikipedia.org/wiki/Storming_of_the_Bastille,https://upload.wikimedia.org/wikipedia/commons/1/1e/Prise_de_la_Bastille%2C_H._Jannin%2C_Mus%C3%A9e_de_la_R%C3%A9%26volution_fran%C3%A7aise_-_Vizille.jpg,26,24,33,24,0%,0%,2,200,,,,,,,
8,26,1789,https://en.wikipedia.org/wiki/Declaration_of_the_Rights_of_Man_and_of_the_Citizen,https://upload.wikimedia.org/wikipedia/commons/thumb/6/6c/Declaration_of_the_Rights_of_Man_and_of_the_Citizen_in_1789.jpg/800px-Declaration_of_the_Rights_of_Man_and_of_the_Citizen_in_1789.jpg,26,24,33,24,0%,0%,2,200,,,,,,,
10,5,1789,https://en.wikipedia.org/wiki/Women%27s_March_on_Versailles,https://upload.wikimedia.org/wikipedia/commons/thumb/5/57/A_Versailles%2C_%C3%A0_Versailles_5_octobre_1789_-_Restoration.jpg/435px-A_Versailles%2C_%C3%A0_Versailles_5_octobre_1789_-_Restoration.jpg,26,24,33,24,0%,0%,2,200,,,,,,,
4,30,1789,https://en.wikipedia.org/wiki/George_Washington,https://upload.wikimedia.org/wikipedia/commons/thumb/b/b6/Gilbert_Stuart_Williamstown_Portrait_of_George_Washington.jpg/220px-Gilbert_Stuart_Williamstown_Portrait_of_George_Washington.jpg,5,0,19,0,0%,0%,1.1,200,,,,,,,
10,1,1789,https://en.wikipedia.org/wiki/Jacobins,https://upload.wikimedia.org/wikipedia/commons/thumb/c/c6/Seal_of_Jacobins_of_Paris_%28Republican%29.svg/270px-Seal_of_Jacobins_of_Paris_%28Republican%29.svg.png,0,0,0,0,-10%,1%,1,200,,,,,,,
2,25,1791,https://en.wikipedia.org/wiki/First_Bank_of_the_United_States,https://upload.wikimedia.org/wikipedia/commons/thumb/9/93/First_Bank_of_the_United_States%2C_Philadelphia%2C_Pennsylvania_LCCN2011633532_%28edited%29.jpg/330px-First_Bank_of_the_United_States%2C_Philadelphia%2C_Pennsylvania_LCCN2011633532_%28edited%29.jpg,26,24,33,24,0%,0%,2,200,,,,,,,
2,6,1791,"https://en.wikipedia.org/wiki/Vincent_Og%C3%A9#Uprising,_capture_and_execution",https://encrypted-tbn0.gstatic.com/images?q=tbn:ANd9GcQ2VVVSHlPIoZdWOWD-Bcz3a5s6EomGrIXLYQ&s,26,24,33,24,0%,0%,2,200,,,,,,,
8,21,1791,https://en.wikipedia.org/wiki/1791_slave_rebellion,https://encrypted-tbn0.gstatic.com/images?q=tbn:ANd9GcQsq8zC0APQevuygIpZNjLnkBv1ZC3xo4qoPx2DIHM3bf7IFsVBJAW3Mnx-RzU1YJci2RQ&usqp=CAU,5,0,19,0,0%,0%,1.1,200,,,,,,,
6,20,1791,https://en.wikipedia.org/wiki/Flight_to_Varennes,https://upload.wikimedia.org/wikipedia/commons/thumb/8/81/Arrest_of_Louis_XVI_and_his_Family%2C_Varennes%2C_1791.jpg/525px-Arrest_of_Louis_XVI_and_his_Family%2C_Varennes%2C_1791.jpg,28,0,35,2,0%,49%,2.2,200,,,,,,,
7,17,1791,https://en.wikipedia.org/wiki/Champ_de_Mars_massacre,https://upload.wikimedia.org/wikipedia/commons/thumb/e/e1/Malheureuse_journ%C3%A9e_du_17_juillet_1791.jpg/390px-Malheureuse_journ%C3%A9e_du_17_juillet_1791.jpg,26,24,33,24,0%,0%,2,200,,,,,,,
8,27,1791,https://en.wikipedia.org/wiki/Declaration_of_Pillnitz,https://upload.wikimedia.org/wikipedia/commons/thumb/5/55/Pillnitzer_Deklaration.jpg/330px-Pillnitzer_Deklaration.jpg,26,24,33,24,0%,0%,2,200,,,,,,,
9,14,1791,https://en.wikipedia.org/wiki/French_Constitution_of_1791,https://upload.wikimedia.org/wikipedia/commons/thumb/b/b9/Constitution_de_1791._Page_1_-_Archives_Nationales_-_AE-I-10-1.jpg/330px-Constitution_de_1791._Page_1_-_Archives_Nationales_-_AE-I-10-1.jpg,26,24,33,24,0%,0%,2,200,,,,,,,
11,7,1791,https://en.wikipedia.org/wiki/Dutty_Boukman,https://nickybuggle.wordpress.com/wp-content/uploads/2016/04/dutty_boukman.jpg,5,0,0,0,-10%,0%,1,200,,,,,,,
11,2,1792,https://en.wikipedia.org/wiki/1792_United_States_presidential_election,https://upload.wikimedia.org/wikipedia/commons/thumb/b/b0/ElectoralCollege1792.svg/350px-ElectoralCollege1792.svg.png,0,0,0,0,-10%,1%,1.9,200,,,,,,,
1,21,1793,https://en.wikipedia.org/wiki/Execution_of_Louis_XVI,https://upload.wikimedia.org/wikipedia/commons/c/ca/Louis_XVI_-_Execution.jpg,26,24,33,24,0%,0%,2,200,,,,,,,
10,16,1793,https://en.wikipedia.org/wiki/Marie_Antoinette#Trial_and_execution_(14%E2%80%9316_October_1793),https://64.media.tumblr.com/13e402368668dcf1c2d0b62a82b3e350/tumblr_pzgapmMTdp1qatfdco1_540.jpg,26,24,33,24,0%,0%,2,200,,,,,,,
3,14,1794,https://en.wikipedia.org/wiki/Cotton_gin#Eli_Whitney's_patent,https://upload.wikimedia.org/wikipedia/commons/thumb/b/bf/Eli_Whitney_by_Samuel_Finley_Breese_Morse_1822.jpeg/800px-Eli_Whitney_by_Samuel_Finley_Breese_Morse_1822.jpeg,5,0,19,0,0%,0%,1.1,200,,,,,,,
11,4,1796,https://en.wikipedia.org/wiki/1796_United_States_presidential_election,https://upload.wikimedia.org/wikipedia/commons/thumb/d/d5/ElectoralCollege1796.svg/350px-ElectoralCollege1796.svg.png,0,0,0,0,-10%,1%,1.9,200,,,,,,,
3,4,1797,https://en.wikipedia.org/wiki/John_Adams,https://upload.wikimedia.org/wikipedia/commons/thumb/f/ff/Gilbert_Stuart%2C_John_Adams%2C_c._1800-1815%2C_NGA_42933.jpg/170px-Gilbert_Stuart%2C_John_Adams%2C_c._1800-1815%2C_NGA_42933.jpg,5,0,19,0,0%,0%,1.1,200,,,,,,,
7,14,1798,https://en.wikipedia.org/wiki/Alien_and_Sedition_Acts,https://upload.wikimedia.org/wikipedia/commons/thumb/6/64/Alien_and_Sedition_Acts_%281798%29.png/220px-Alien_and_Sedition_Acts_%281798%29.png,5,0,19,0,0%,0%,1.1,200,,,,,,,
9,30,1800,https://en.wikipedia.org/wiki/Convention_of_1800,https://upload.wikimedia.org/wikipedia/commons/thumb/0/04/The_Signing_of_the_Treaty_of_Mortefontaine%2C_30th_September_1800_by_Victor-Jean_Adam.jpg/300px-The_Signing_of_the_Treaty_of_Mortefontaine%2C_30th_September_1800_by_Victor-Jean_Adam.jpg,27,20,14,20,-10%,0%,1.7,22,,,,,,,
10,31,1800,https://en.wikipedia.org/wiki/1800_United_States_presidential_election,https://upload.wikimedia.org/wikipedia/commons/thumb/0/04/ElectoralCollege1800.svg/350px-ElectoralCollege1800.svg.png,0,0,0,0,-10%,1%,1.9,200,,,,,,,
2,4,1801,https://en.wikipedia.org/wiki/John_Marshall,https://upload.wikimedia.org/wikipedia/commons/thumb/f/fe/John_Marshall_by_Henry_Inman%2C_1832.jpg/220px-John_Marshall_by_Henry_Inman%2C_1832.jpg,5,0,19,0,0%,0%,1.1,200,,,,,,,
3,4,1801,https://en.wikipedia.org/wiki/Thomas_Jefferson,https://upload.wikimedia.org/wikipedia/commons/thumb/b/b1/Official_Presidential_portrait_of_Thomas_Jefferson_%28by_Rembrandt_Peale%2C_1800%29%28cropped%29.jpg/240px-Official_Presidential_portrait_of_Thomas_Jefferson_%28by_Rembrandt_Peale%2C_1800%29%28cropped%29.jpg,5,0,19,0,0%,0%,1.1,200,,,,,,,
3,16,1802,https://en.wikipedia.org/wiki/United_States_Military_Academy,https://upload.wikimedia.org/wikipedia/commons/thumb/2/2e/U.S._Military_Academy_Coat_of_Arms.svg/200px-U.S._Military_Academy_Coat_of_Arms.svg.png,5,0,19,0,0%,0%,1.1,200,,,,,,,
7,4,1803,https://en.wikipedia.org/wiki/Louisiana_Purchase,https://upload.wikimedia.org/wikipedia/commons/thumb/5/57/Louisiana_Purchase.png/220px-Louisiana_Purchase.png,27,20,14,20,-10%,0%,1.7,22,,,,,,,
1,1,1804,https://en.wikipedia.org/wiki/Haitian_Declaration_of_Independence,https://upload.wikimedia.org/wikipedia/commons/thumb/b/bc/Coat_of_arms_of_the_First_Empire_of_Haiti.svg/128px-Coat_of_arms_of_the_First_Empire_of_Haiti.svg.png,0,0,0,0,-10%,1%,1,200,,,,,,,
11,2,1804,https://en.wikipedia.org/wiki/1804_United_States_presidential_election,https://upload.wikimedia.org/wikipedia/commons/thumb/e/e7/ElectoralCollege1804.svg/205px-ElectoralCollege1804.svg.png,0,0,0,0,-10%,1%,1.9,200,,,,,,,
12,23,1807,https://en.wikipedia.org/wiki/Embargo_Act_of_1807,https://upload.wikimedia.org/wikipedia/commons/thumb/7/74/Ograbme.jpg/300px-Ograbme.jpg,27,20,14,20,-10%,0%,1.7,22,,,,,,,
1,1,1808,https://en.wikipedia.org/wiki/Act_Prohibiting_Importation_of_Slaves,https://upload.wikimedia.org/wikipedia/commons/thumb/9/9e/IJzeren_voetring_voor_gevangenen_transparent_background.png/125px-IJzeren_voetring_voor_gevangenen_transparent_background.png,5,0,19,0,0%,0%,1.1,200,,,,,,,
11,4,1808,https://en.wikipedia.org/wiki/1808_United_States_presidential_election,https://upload.wikimedia.org/wikipedia/commons/thumb/c/c9/ElectoralCollege1808.svg/205px-ElectoralCollege1808.svg.png,0,0,0,0,-10%,1%,1.9,200,,,,,,,
3,4,1809,https://en.wikipedia.org/wiki/James_Madison,https://upload.wikimedia.org/wikipedia/commons/thumb/1/1f/James_Madison_by_Gilbert_Stuart_1804.jpeg/170px-James_Madison_by_Gilbert_Stuart_1804.jpeg,5,0,19,0,0%,0%,1.1,200,,,,,,,
10,30,1811,https://en.wikipedia.org/wiki/Sense_and_Sensibility,https://mpd-biblio-covers.imgix.net/9781466804104.jpg,0,0,33,0,12%,0%,1.3,200,,,,,,,
10,30,1812,https://en.wikipedia.org/wiki/1812_United_States_presidential_election,https://upload.wikimedia.org/wikipedia/commons/thumb/0/02/ElectoralCollege1812.svg/205px-ElectoralCollege1812.svg.png,0,0,0,0,-10%,1%,1.9,200,,,,,,,
1,28,1813,https://en.wikipedia.org/wiki/Pride_and_Prejudice,https://resizing.flixster.com/HpFpRbHOuy5XOQzMWesKp-F3VNA=/fit-in/705x460/v2/https://resizing.flixster.com/-XZAfHZM39UwaGJIFWKAE8fS0ak=/v3/t/assets/p468777_b_v10_bo.jpg,0,0,22,0,3%,0%,1.1,200,,,,,,,
7,2,1814,https://en.wikipedia.org/wiki/Mansfield_Park,https://m.media-amazon.com/images/M/MV5BMTc4NjY5MzU5NF5BMl5BanBnXkFtZTcwMDcwODUyMQ@@._V1_.jpg,0,0,22,0,3%,0%,1.1,200,,,,,,,
6,9,1815,https://en.wikipedia.org/wiki/Congress_of_Vienna,https://upload.wikimedia.org/wikipedia/commons/thumb/4/49/Prince_Metternich_by_Lawrence.jpeg/220px-Prince_Metternich_by_Lawrence.jpeg,5,0,19,0,0%,0%,1.1,200,,,,,,,
6,18,1815,https://en.wikipedia.org/wiki/Battle_of_Waterloo,https://upload.wikimedia.org/wikipedia/commons/6/6f/The_morning_after_the_Battle_of_Waterloo_on_June_19%2C_1815%2C_by_John_Heaviside_Clark_%28Deutsches_Historisches_Museum%2C_Berlin%29.jpg,0,14,23,14,-5%,0%,1.5,200,,,,,,,
12,23,1815,https://en.wikipedia.org/wiki/Emma_(novel),"https://m.media-amazon.com/images/I/A1dZA3BmyKL._AC_UF1000,1000_QL80_.jpg",0,0,29,0,7%,0%,1.2,200,,,,,,,
11,1,1816,https://en.wikipedia.org/wiki/1816_United_States_presidential_election,https://upload.wikimedia.org/wikipedia/commons/thumb/1/1f/ElectoralCollege1816.svg/205px-ElectoralCollege1816.svg.png,0,0,0,0,-10%,1%,1.9,200,,,,,,,
3,4,1817,https://en.wikipedia.org/wiki/James_Monroe,https://upload.wikimedia.org/wikipedia/commons/thumb/3/3a/James_Monroe_White_House_portrait_1819_%28cropped%29%28b%29.jpg/220px-James_Monroe_White_House_portrait_1819_%28cropped%29%28b%29.jpg,5,0,19,0,0%,0%,1.1,200,,,,,,,
1,1,1818,https://en.wikipedia.org/wiki/Frankenstein,https://upload.wikimedia.org/wikipedia/commons/thumb/a/a7/Frankenstein%27s_monster_%28Boris_Karloff%29.jpg/330px-Frankenstein%27s_monster_%28Boris_Karloff%29.jpg,5,0,19,0,0%,0%,1.1,200,,,,,,,
1,29,1820,https://en.wikipedia.org/wiki/George_IV,https://upload.wikimedia.org/wikipedia/commons/thumb/c/c8/King_George_IV_of_the_United_Kingdom_in_Coronation_Robes_%28by_Thomas_Lawrence%29_-_Royal_Collection_%28RCIN_405918%29.jpg/220px-King_George_IV_of_the_United_Kingdom_in_Coronation_Robes_%28by_Thomas_Lawrence%29_-_Royal_Collection_%28RCIN_405918%29.jpg,10,0,23,0,0%,0%,1.3,200,,,,,,,
3,6,1820,https://en.wikipedia.org/wiki/Missouri_Compromise,https://upload.wikimedia.org/wikipedia/commons/thumb/3/3f/USA_Territorial_Growth_1820_alt.jpg/300px-USA_Territorial_Growth_1820_alt.jpg,27,20,14,20,-10%,0%,1.7,22,,,,,,,
11,1,1820,https://en.wikipedia.org/wiki/1820_United_States_presidential_election,https://upload.wikimedia.org/wikipedia/commons/thumb/e/ef/ElectoralCollege1820.svg/205px-ElectoralCollege1820.svg.png,0,0,0,0,-10%,1%,1.9,200,,,,,,,
12,2,1823,https://en.wikipedia.org/wiki/Monroe_Doctrine,https://upload.wikimedia.org/wikipedia/commons/thumb/7/79/The_Monroe_Doctrine_must_be_respected_%28F._Victor_Gillam%2C_1896%29_restored.png/220px-The_Monroe_Doctrine_must_be_respected_%28F._Victor_Gillam%2C_1896%29_restored.png,27,20,14,20,-10%,0%,1.7,22,,,,,,,
10,26,1824,https://en.wikipedia.org/wiki/1824_United_States_presidential_election,https://upload.wikimedia.org/wikipedia/commons/thumb/e/ea/ElectoralCollege1824.svg/205px-ElectoralCollege1824.svg.png,0,0,0,0,-10%,1%,1.9,200,,,,,,,
3,4,1825,https://en.wikipedia.org/wiki/John_Quincy_Adams,https://upload.wikimedia.org/wikipedia/commons/thumb/3/3a/JQA_Photo_Crop_%28cropped%29.jpg/220px-JQA_Photo_Crop_%28cropped%29.jpg,5,0,19,0,0%,0%,1.1,200,,,,,,,
5,13,1828,https://en.wikipedia.org/wiki/Tariff_of_Abominations,https://images.squarespace-cdn.com/content/v1/56eddde762cd9413e151ac92/1557765889699-WSTAP0WUQUFZL275FHGZ/1828+tariff.jpg?format=750w,27,20,14,20,-10%,0%,1.7,22,,,,,,,
10,31,1828,https://en.wikipedia.org/wiki/1828_United_States_presidential_election,https://upload.wikimedia.org/wikipedia/commons/thumb/0/01/ElectoralCollege1828.svg/205px-ElectoralCollege1828.svg.png,0,0,0,0,-10%,1%,1.9,200,,,,,,,
3,4,1829,https://en.wikipedia.org/wiki/Andrew_Jackson,https://upload.wikimedia.org/wikipedia/commons/thumb/2/2a/Andrew_jackson_head_%28cropped%29.jpg/220px-Andrew_jackson_head_%28cropped%29.jpg,5,0,19,0,0%,0%,1.1,200,,,,,,,
6,26,1830,https://en.wikipedia.org/wiki/William_IV,https://upload.wikimedia.org/wikipedia/commons/thumb/f/f4/William_IV_in_1833_by_Shee_cropped.jpg/220px-William_IV_in_1833_by_Shee_cropped.jpg,6,8,28,8,5%,0%,1.3,200,,,,,,,
5,28,1830,https://en.wikipedia.org/wiki/Indian_Removal_Act,https://encrypted-tbn0.gstatic.com/images?q=tbn:ANd9GcQQnAcgwhLlafVD-ssaO-BEoXiUOpmmtFw2bw&s,27,20,14,20,-10%,0%,1.7,22,,,,,,,
11,2,1832,https://en.wikipedia.org/wiki/1832_United_States_presidential_election,https://upload.wikimedia.org/wikipedia/commons/thumb/0/0e/ElectoralCollege1832.svg/205px-ElectoralCollege1832.svg.png,0,0,0,0,-10%,1%,1.9,200,,,,,,,
8,28,1833,https://en.wikipedia.org/wiki/Slavery_Abolition_Act_1833,https://upload.wikimedia.org/wikipedia/commons/thumb/8/80/Official_medallion_of_the_British_Anti-Slavery_Society_%281795%29.jpg/170px-Official_medallion_of_the_British_Anti-Slavery_Society_%281795%29.jpg,0,0,0,0,-6%,0%,1.1,200,,,,,,,
11,3,1836,https://en.wikipedia.org/wiki/1836_United_States_presidential_election,https://upload.wikimedia.org/wikipedia/commons/thumb/a/a7/ElectoralCollege1836.svg/205px-ElectoralCollege1836.svg.png,0,0,0,0,-10%,1%,1.9,200,,,,,,,
6,20,1837,https://en.wikipedia.org/wiki/Queen_Victoria,https://upload.wikimedia.org/wikipedia/commons/thumb/e/e3/Queen_Victoria_by_Bassano.jpg/220px-Queen_Victoria_by_Bassano.jpg,5,0,19,0,0%,0%,1.1,200,,,,,,,
3,4,1837,https://en.wikipedia.org/wiki/Martin_Van_Buren,https://upload.wikimedia.org/wikipedia/commons/thumb/1/1f/Martin_Van_Buren_by_Mathew_Brady_c1855-58.jpg/220px-Martin_Van_Buren_by_Mathew_Brady_c1855-58.jpg,5,0,19,0,0%,0%,1.1,200,,,,,,,
5,25,1838,https://en.wikipedia.org/wiki/Cherokee_removal,https://upload.wikimedia.org/wikipedia/commons/thumb/8/87/TrailofTearsMemorial.jpg/250px-TrailofTearsMemorial.jpg,5,0,19,0,0%,0%,1.1,200,,,,,,,
10,30,1840,https://en.wikipedia.org/wiki/1840_United_States_presidential_election,https://upload.wikimedia.org/wikipedia/commons/thumb/c/c4/ElectoralCollege1840.svg/205px-ElectoralCollege1840.svg.png,0,0,0,0,-10%,1%,1.9,200,,,,,,,
3,4,1841,https://en.wikipedia.org/wiki/William_Henry_Harrison,https://upload.wikimedia.org/wikipedia/commons/thumb/a/a3/William_Henry_Harrison_by_James_Reid_Lambdin%2C_1835_crop_%28cropped%29.jpg/220px-William_Henry_Harrison_by_James_Reid_Lambdin%2C_1835_crop_%28cropped%29.jpg,5,0,19,0,0%,0%,1.1,200,,,,,,,
4,4,1841,https://en.wikipedia.org/wiki/John_Tyler,https://upload.wikimedia.org/wikipedia/commons/thumb/6/6e/John_Tyler_%28cropped_3x4%29_%28cropped%29%282%29.png/220px-John_Tyler_%28cropped_3x4%29_%28cropped%29%282%29.png,5,0,19,0,0%,0%,1.1,200,,,,,,,
11,1,1844,https://en.wikipedia.org/wiki/1844_United_States_presidential_election,https://upload.wikimedia.org/wikipedia/commons/thumb/1/14/ElectoralCollege1844.svg/205px-ElectoralCollege1844.svg.png,0,0,0,0,-10%,1%,1.9,200,,,,,,,
12,29,1845,https://en.wikipedia.org/wiki/Texas_annexation,https://upload.wikimedia.org/wikipedia/commons/thumb/e/eb/Wpdms_republic_of_texas.svg/220px-Wpdms_republic_of_texas.svg.png,5,0,19,0,0%,0%,1.1,200,,,,,,,
3,4,1845,https://en.wikipedia.org/wiki/James_K._Polk,https://upload.wikimedia.org/wikipedia/commons/thumb/4/46/James_Polk_restored_%26_cropped.jpg/220px-James_Polk_restored_%26_cropped.jpg,5,0,19,0,0%,0%,1.1,200,,,,,,,
2,21,1848,https://en.wikipedia.org/wiki/The_Communist_Manifesto,https://encrypted-tbn0.gstatic.com/images?q=tbn:ANd9GcTuqnrASHxQE-hJJylN7uoP9oN8DCHWkDPnag&s,5,0,19,0,0%,0%,1.1,200,,,,,,,
11,7,1848,https://en.wikipedia.org/wiki/1848_United_States_presidential_election,https://upload.wikimedia.org/wikipedia/commons/thumb/7/73/ElectoralCollege1848.svg/348px-ElectoralCollege1848.svg.png,0,0,0,0,-10%,1%,1.9,200,,,,,,,
3,4,1849,https://en.wikipedia.org/wiki/Zachary_Taylor,https://upload.wikimedia.org/wikipedia/commons/thumb/f/fa/Zachary_Taylor_restored_and_cropped_%28cropped%29%282%29.jpg/220px-Zachary_Taylor_restored_and_cropped_%28cropped%29%282%29.jpg,5,0,19,0,0%,0%,1.1,200,,,,,,,
9,9,1850,https://en.wikipedia.org/wiki/California_Statehood_Act,https://upload.wikimedia.org/wikipedia/commons/thumb/8/8a/Original_Todd_bear_flag.jpg/250px-Original_Todd_bear_flag.jpg,27,20,14,20,-10%,0%,1.7,22,,,,,,,
9,18,1850,https://en.wikipedia.org/wiki/Fugitive_Slave_Act_of_1850,https://upload.wikimedia.org/wikipedia/commons/thumb/1/1b/Slave_kidnap_post_1851_boston.jpg/170px-Slave_kidnap_post_1851_boston.jpg,5,0,19,0,0%,0%,1.1,200,,,,,,,
7,9,1850,https://en.wikipedia.org/wiki/Millard_Fillmore,https://upload.wikimedia.org/wikipedia/commons/thumb/b/bf/Millard_Fillmore_Better_Crop_%28b%29.jpg/220px-Millard_Fillmore_Better_Crop_%28b%29.jpg,5,0,19,0,0%,0%,1.1,200,,,,,,,
10,18,1851,https://en.wikipedia.org/wiki/Moby-Dick,https://upload.wikimedia.org/wikipedia/commons/thumb/8/8b/Moby_Dick_final_chase.jpg/220px-Moby_Dick_final_chase.jpg,10,0,23,0,0%,0%,1.3,200,,,,,,,
3,20,1852,https://en.wikipedia.org/wiki/Uncle_Tom%27s_Cabin,https://upload.wikimedia.org/wikipedia/commons/thumb/d/d2/Uncle_Tom%27s_Cabin_cover.jpg/170px-Uncle_Tom%27s_Cabin_cover.jpg,5,0,19,0,0%,0%,1.1,200,,,,,,,
7,5,1852,https://en.wikipedia.org/wiki/What_to_the_Slave_Is_the_Fourth_of_July%3F,https://upload.wikimedia.org/wikipedia/commons/thumb/2/21/Frederick_Douglass_by_Samuel_J_Miller%2C_1847-52.png/255px-Frederick_Douglass_by_Samuel_J_Miller%2C_1847-52.png,0,0,0,0,-12%,0%,0.9,200,,,,,,,
11,2,1852,https://en.wikipedia.org/wiki/1852_United_States_presidential_election,https://upload.wikimedia.org/wikipedia/commons/thumb/2/23/ElectoralCollege1852.svg/348px-ElectoralCollege1852.svg.png,0,0,0,0,-10%,1%,1.9,200,,,,,,,
3,4,1853,https://en.wikipedia.org/wiki/Franklin_Pierce,https://upload.wikimedia.org/wikipedia/commons/thumb/a/aa/Mathew_Brady_-_Franklin_Pierce_-_alternate_crop_%28cropped%29%28b%29%283%29.jpg/220px-Mathew_Brady_-_Franklin_Pierce_-_alternate_crop_%28cropped%29%28b%29%283%29.jpg,5,0,19,0,0%,0%,1.1,200,,,,,,,
5,30,1854,https://en.wikipedia.org/wiki/Kansas%E2%80%93Nebraska_Act,https://i.ytimg.com/vi/GNiR9LoteW0/maxresdefault.jpg,38,50,32,0,-20%,53%,2.1,200,,,,,,,
10,25,1854,https://en.wikipedia.org/wiki/Charge_of_the_Light_Brigade,https://upload.wikimedia.org/wikipedia/commons/thumb/1/18/Charge_of_the_Light_Brigade.jpg/220px-Charge_of_the_Light_Brigade.jpg,0,21,32,21,0%,0%,1.9,200,,,,,,,
6,8,1854,https://en.wikipedia.org/wiki/Gadsden_Purchase,https://upload.wikimedia.org/wikipedia/commons/thumb/9/94/Gadsden_Purchase_Cities.svg/220px-Gadsden_Purchase_Cities.svg.png,27,0,14,0,-10%,50%,1.7,22,,,,,,,
11,4,1856,https://en.wikipedia.org/wiki/1856_United_States_presidential_election,https://upload.wikimedia.org/wikipedia/commons/thumb/7/7a/ElectoralCollege1856.svg/348px-ElectoralCollege1856.svg.png,0,0,0,0,-10%,1%,1.9,200,,,,,,,
3,6,1857,https://www.oyez.org/cases/1850-1900/60us393,https://upload.wikimedia.org/wikipedia/commons/thumb/4/48/Dred_Scott_photograph_%28circa_1857%29.jpg/220px-Dred_Scott_photograph_%28circa_1857%29.jpg,5,0,19,0,0%,0%,1.1,200,,,,,,,
3,4,1857,https://en.wikipedia.org/wiki/James_Buchanan,https://upload.wikimedia.org/wikipedia/commons/thumb/f/fd/James_Buchanan.jpg/220px-James_Buchanan.jpg,5,0,19,0,0%,0%,1.1,200,,,,,,,
9,1,1859,https://en.wikipedia.org/wiki/Carrington_Event,https://upload.wikimedia.org/wikipedia/commons/thumb/f/f1/Aurora_Australis_From_ISS.JPG/220px-Aurora_Australis_From_ISS.JPG,27,0,14,0,-10%,50%,1.7,22,,,,,,,
12,2,1859,"https://en.wikipedia.org/wiki/John_Brown_(abolitionist)#Last_words,_death_and_aftermath",https://encrypted-tbn0.gstatic.com/images?q=tbn:ANd9GcQ_hChNVnmlQC4w-Q3HwCykkZgs4CL7QTRYJ5ARNpZpHlq8OS1qKc4Zhj3wbwwTTuy2TiY&usqp=CAU,0,0,0,0,0%,1%,1,200,,,,,,,
11,6,1860,https://en.wikipedia.org/wiki/1860_United_States_presidential_election,https://upload.wikimedia.org/wikipedia/commons/thumb/0/01/ElectoralCollege1860.svg/348px-ElectoralCollege1860.svg.png,0,0,0,0,-10%,1%,1.9,200,,,,,,,
12,20,1860,https://en.wikipedia.org/wiki/South_Carolina_in_the_American_Civil_War,https://upload.wikimedia.org/wikipedia/commons/thumb/6/69/Flag_of_South_Carolina.svg/125px-Flag_of_South_Carolina.svg.png,0,14,0,0,0%,10%,1.3,200,,,,,,,
7,9,1860,https://en.wikipedia.org/wiki/Florence_Nightingale_Faculty_of_Nursing_and_Midwifery,https://upload.wikimedia.org/wikipedia/commons/thumb/b/ba/Florence_Nightingale._Coloured_lithograph._Wellcome_V0006579.jpg/170px-Florence_Nightingale._Coloured_lithograph._Wellcome_V0006579.jpg,5,0,19,0,0%,0%,1.1,200,,,,,,,
3,4,1861,https://en.wikipedia.org/wiki/Abraham_Lincoln,https://upload.wikimedia.org/wikipedia/commons/thumb/a/ab/Abraham_Lincoln_O-77_matte_collodion_print.jpg/220px-Abraham_Lincoln_O-77_matte_collodion_print.jpg,5,0,19,0,0%,0%,1.1,200,,,,,,,
1,9,1861,https://en.wikipedia.org/wiki/Mississippi_in_the_American_Civil_War,https://upload.wikimedia.org/wikipedia/commons/thumb/4/42/Flag_of_Mississippi.svg/250px-Flag_of_Mississippi.svg.png,0,9,0,9,0%,0%,1.3,200,,,,,,,
1,10,1861,https://en.wikipedia.org/wiki/Florida_in_the_American_Civil_War,https://upload.wikimedia.org/wikipedia/commons/thumb/f/f7/Flag_of_Florida.svg/250px-Flag_of_Florida.svg.png,0,5,0,5,0%,0%,1.2,200,,,,,,,
1,11,1861,https://en.wikipedia.org/wiki/Alabama_in_the_American_Civil_War,https://upload.wikimedia.org/wikipedia/commons/thumb/5/5c/Flag_of_Alabama.svg/250px-Flag_of_Alabama.svg.png,0,5,0,5,0%,0%,1.2,200,,,,,,,
1,19,1861,https://en.wikipedia.org/wiki/Georgia_in_the_American_Civil_War,https://upload.wikimedia.org/wikipedia/commons/thumb/0/08/Flag_of_the_State_of_Georgia.svg/125px-Flag_of_the_State_of_Georgia.svg.png,0,10,0,0,0%,5%,1.2,200,,,,,,,
1,26,1861,https://en.wikipedia.org/wiki/Louisiana_in_the_American_Civil_War,https://upload.wikimedia.org/wikipedia/commons/thumb/e/e0/Flag_of_Louisiana.svg/250px-Flag_of_Louisiana.svg.png,0,5,0,5,0%,0%,1.2,200,,,,,,,
2,1,1861,https://en.wikipedia.org/wiki/Texas_in_the_American_Civil_War,https://upload.wikimedia.org/wikipedia/commons/thumb/f/f7/Flag_of_Texas.svg/250px-Flag_of_Texas.svg.png,0,5,0,5,0%,0%,1.2,200,,,,,,,
2,8,1861,https://en.wikipedia.org/wiki/Confederate_States_of_America,https://upload.wikimedia.org/wikipedia/commons/thumb/7/74/Battle_flag_of_the_Confederate_States_of_America_%283-5%29.svg/220px-Battle_flag_of_the_Confederate_States_of_America_%283-5%29.svg.png,0,0,0,0,0%,0%,1.1,200,,,,,,,
2,18,1861,https://en.wikipedia.org/wiki/Jefferson_Davis,https://upload.wikimedia.org/wikipedia/commons/thumb/6/68/Jefferson_Davis_1862.jpg/220px-Jefferson_Davis_1862.jpg,5,0,19,0,0%,0%,1.1,200,,,,,,,
3,21,1861,https://en.wikipedia.org/wiki/Cornerstone_Speech,https://upload.wikimedia.org/wikipedia/commons/thumb/9/95/Alexander_Hamilton_Stephens.jpg/240px-Alexander_Hamilton_Stephens.jpg,5,0,19,0,0%,0%,1.1,200,,,,,,,
4,17,1861,https://en.wikipedia.org/wiki/Virginia_in_the_American_Civil_War,https://upload.wikimedia.org/wikipedia/commons/thumb/4/47/Flag_of_Virginia.svg/125px-Flag_of_Virginia.svg.png,5,15,28,14,0%,0%,1.5,200,,,,,,,
4,23,1861,https://en.wikipedia.org/wiki/Robert_E._Lee,https://upload.wikimedia.org/wikipedia/commons/thumb/8/89/Robert_Edward_Lee.jpg/220px-Robert_Edward_Lee.jpg,5,0,19,0,0%,0%,1.1,200,,,,,,,
5,6,1861,https://en.wikipedia.org/wiki/Arkansas_in_the_American_Civil_War,https://upload.wikimedia.org/wikipedia/commons/thumb/9/9d/Flag_of_Arkansas.svg/110px-Flag_of_Arkansas.svg.png,5,15,28,14,0%,0%,1.5,200,,,,,,,
5,20,1861,https://en.wikipedia.org/wiki/North_Carolina_in_the_American_Civil_War,https://upload.wikimedia.org/wikipedia/commons/thumb/b/bb/Flag_of_North_Carolina.svg/250px-Flag_of_North_Carolina.svg.png,5,28,28,0,0%,21%,1.5,200,,,,,,,
6,8,1861,https://en.wikipedia.org/wiki/History_of_Tennessee#Civil_War,https://upload.wikimedia.org/wikipedia/commons/thumb/9/9e/Flag_of_Tennessee.svg/175px-Flag_of_Tennessee.svg.png,5,15,28,14,0%,0%,1.5,200,,,,,,,
7,21,1861,https://en.wikipedia.org/wiki/First_Battle_of_Bull_Run,https://upload.wikimedia.org/wikipedia/commons/thumb/d/da/Bridge_during_the_Retreat_from_Manassas%2C_First_Battle_of_Bull_Run_%28First_Manassas%29%2C_Virginia_1861.jpg/300px-Bridge_during_the_Retreat_from_Manassas%2C_First_Battle_of_Bull_Run_%28First_Manassas%29%2C_Virginia_1861.jpg,25,20,25,20,-8%,0%,1.8,22,,,,,,,
8,5,1861,https://en.wikipedia.org/wiki/Revenue_Act_of_1861,https://upload.wikimedia.org/wikipedia/commons/thumb/e/ee/Kiloware.JPG/258px-Kiloware.JPG,5,0,19,0,0%,0%,1.1,200,,,,,,,
8,10,1861,https://en.wikipedia.org/wiki/Battle_of_Wilson%27s_Creek,https://upload.wikimedia.org/wikipedia/commons/thumb/a/a9/The_soldier_in_our_Civil_War_-_a_pictorial_history_of_the_conflict%2C_1861-1865%2C_illustrating_the_valor_of_the_soldier_as_displayed_on_the_battle-field%2C_from_sketches_drawn_by_Forbes%2C_Waud%2C_Taylor%2C_%2814762463272%29.jpg/220px-thumbnail.jpg,25,20,25,20,-8%,0%,1.8,22,,,,,,,
10,21,1861,https://en.wikipedia.org/wiki/Battle_of_Ball%27s_Bluff,https://upload.wikimedia.org/wikipedia/commons/thumb/c/ce/Cannonading_on_the_Potomac_by_Alfred_W_Thompson%2C_c1869.jpg/300px-Cannonading_on_the_Potomac_by_Alfred_W_Thompson%2C_c1869.jpg,25,26,0,26,-8%,0%,2.3,22,,,,,,,
11,1,1861,https://en.wikipedia.org/wiki/George_B._McClellan,https://upload.wikimedia.org/wikipedia/commons/thumb/8/86/George_B_McClellan_-_retouched%2C_cropped.jpg/220px-George_B_McClellan_-_retouched%2C_cropped.jpg,5,0,19,0,0%,0%,1.1,200,,,,,,,
12,24,1862,https://cwemancipation.wordpress.com/2013/05/12/the-confederate-retaliatory-act/,https://www.civilwarmonitor.com/wp-content/uploads/2023/09/91veH892zWL.jpg,5,0,19,0,0%,0%,1.2,200,,,,,,,
5,5,1862,https://en.wikipedia.org/wiki/Battle_of_Puebla,https://www.thenews-messenger.com/gcdn/presto/2022/04/26/NTGT/522c3599-3d37-483f-b23c-9d925bb064f4-Cinco_de_Mayo.jpg?width=660&height=660&fit=crop&format=pjpg&auto=webp,20,0,19,0,-10%,0%,1.3,200,,,,,,,
11,9,1862,https://en.wikipedia.org/wiki/Ambrose_Burnside,https://upload.wikimedia.org/wikipedia/commons/thumb/2/24/Ambrose_Burnside2.jpg/220px-Ambrose_Burnside2.jpg,5,0,19,0,0%,0%,1.1,200,,,,,,,
11,4,1862,https://en.wikipedia.org/wiki/1862_United_States_elections,https://upload.wikimedia.org/wikipedia/commons/thumb/a/a0/House038ElectionMap.png/400px-House038ElectionMap.png,0,0,0,0,-10%,1%,1.9,200,,,,,,,
2,20,1862,https://en.wikipedia.org/wiki/William_Wallace_Lincoln,https://upload.wikimedia.org/wikipedia/commons/thumb/a/a3/William_Wallace_Lincoln.jpg/220px-William_Wallace_Lincoln.jpg,5,0,19,0,0%,0%,1.1,200,,,,,,,
2,6,1862,https://en.wikipedia.org/wiki/Battle_of_Fort_Henry,https://upload.wikimedia.org/wikipedia/commons/thumb/d/df/Battle_of_Fort_Henry.png/300px-Battle_of_Fort_Henry.png,25,20,25,20,-8%,0%,1.8,22,,,,,,,
8,9,1862,https://en.wikipedia.org/wiki/Battle_of_Cedar_Mountain,https://upload.wikimedia.org/wikipedia/commons/thumb/2/29/Frank_Leslie%27s_scenes_and_portraits_of_the_Civil_War_%281894%29_%2814576336250%29.jpg/300px-Frank_Leslie%27s_scenes_and_portraits_of_the_Civil_War_%281894%29_%2814576336250%29.jpg,25,20,25,20,-8%,0%,1.8,22,,,,,,,
9,17,1862,https://en.wikipedia.org/wiki/Battle_of_Antietam,https://encrypted-tbn0.gstatic.com/images?q=tbn:ANd9GcQ18XzYzXHqk9gngkjQKgdPPBdbm-tA5n5lhQ&s,0,0,0,30,-8%,0%,2.1,22,,,,,,,
9,22,1862,https://en.wikipedia.org/wiki/Emancipation_Proclamation,https://upload.wikimedia.org/wikipedia/commons/thumb/e/e4/Emancipation_Proclamation_WDL2714.jpg/220px-Emancipation_Proclamation_WDL2714.jpg,10,0,22,0,0%,0%,1.3,200,,,,,,,
12,31,1862,https://en.wikipedia.org/wiki/Battle_of_Stones_River,https://upload.wikimedia.org/wikipedia/commons/thumb/f/fc/The_battle_of_Stone_River_or_Murfreesboro%27_LCCN2003664895.tif/lossy-page1-400px-The_battle_of_Stone_River_or_Murfreesboro%27_LCCN2003664895.tif.jpg,25,20,25,20,-8%,0%,1.8,22,,,,,,,
5,1,1863,https://cwemancipation.wordpress.com/2013/05/12/the-confederate-retaliatory-act/,https://www.civilwarmonitor.com/wp-content/uploads/2023/09/91veH892zWL.jpg,5,0,19,0,0%,0%,1.2,200,,,,,,,
7,20,1863,https://teachingamericanhistory.org/document/order-of-retaliation/,https://cwemancipation.wordpress.com/wp-content/uploads/2013/07/lincoln-davis-cartoon.jpg?w=584,5,0,19,0,0%,0%,1.1,200,,,,,,,
8,21,1863,https://en.wikipedia.org/wiki/Lawrence_Massacre,https://images-na.ssl-images-amazon.com/images/S/compressed.photo.goodreads.com/books/1348244825i/377743.jpg,5,0,19,0,0%,0%,1.1,200,,,,,,,
1,1,1863,https://en.wikipedia.org/wiki/Emancipation_Proclamation#Implementation,https://upload.wikimedia.org/wikipedia/commons/thumb/e/e4/Emancipation_Proclamation_WDL2714.jpg/220px-Emancipation_Proclamation_WDL2714.jpg,10,0,22,0,0%,0%,1.3,200,,,,,,,
1,25,1863,https://en.wikipedia.org/wiki/Joseph_Hooker,https://upload.wikimedia.org/wikipedia/commons/thumb/0/0b/Joseph_Hooker_-_Brady-Handy--restored.jpg/220px-Joseph_Hooker_-_Brady-Handy--restored.jpg,5,0,37,0,15%,0%,1.5,200,,,,,,,
5,10,1863,https://en.wikipedia.org/wiki/Stonewall_Jackson#Death,https://encrypted-tbn0.gstatic.com/images?q=tbn:ANd9GcQwAKBMh836nCClIingNHjoDYsFOhoZbtHJnA&s,5,0,19,0,0%,0%,1.1,200,,,,,,,
6,28,1863,https://en.wikipedia.org/wiki/George_Meade,https://upload.wikimedia.org/wikipedia/commons/thumb/b/b2/George_G._Meade_Standing.jpg/220px-George_G._Meade_Standing.jpg,0,10,45,10,27%,0%,1.4,200,,,,,,,
6,20,1863,https://en.wikipedia.org/wiki/West_Virginia_in_the_American_Civil_War,https://upload.wikimedia.org/wikipedia/commons/thumb/1/1c/Seal_of_West_Virginia.svg/100px-Seal_of_West_Virginia.svg.png,0,0,0,0,0%,0%,1,200,,,,,,,
7,18,1863,https://en.wikipedia.org/wiki/Second_Battle_of_Fort_Wagner,https://cdn.britannica.com/72/159972-050-7EEE3840/Fort-Wagner-work-Kurz-fort-Allison-July-18-1863.jpg,25,20,25,20,-8%,0%,1.8,22,,,,,,,
11,19,1863,https://en.wikipedia.org/wiki/Gettysburg_Address,https://www.battlefields.org/sites/default/files/styles/squarish/public/thumbnails/image/Gettysburg%20Address%20Hero_0.jpg?h=d86166dc&itok=2IbsyciG,25,10,25,30,-8%,-20%,1.8,22,,,,,,,
11,24,1863,https://en.wikipedia.org/wiki/Battle_of_Lookout_Mountain,https://upload.wikimedia.org/wikipedia/commons/thumb/2/25/Harper%27s_weekly_%281867%29_%2814596679829%29.jpg/400px-Harper%27s_weekly_%281867%29_%2814596679829%29.jpg,27,20,25,20,-8%,0%,1.8,22,,,,,,,
11,25,1863,https://en.wikipedia.org/wiki/Battle_of_Missionary_Ridge,https://upload.wikimedia.org/wikipedia/commons/thumb/d/d7/Battles_and_sketches_of_the_Army_of_Tennessee_%281906%29_%2814576145170%29.jpg/340px-Battles_and_sketches_of_the_Army_of_Tennessee_%281906%29_%2814576145170%29.jpg,25,20,25,20,-8%,0%,1.8,22,,,,,,,
11,8,1864,https://en.wikipedia.org/wiki/1864_United_States_presidential_election,https://upload.wikimedia.org/wikipedia/commons/thumb/0/0d/ElectoralCollege1864.svg/348px-ElectoralCollege1864.svg.png,0,0,0,0,-10%,1%,1.9,200,,,,,,,
3,8,1864,https://en.wikipedia.org/wiki/Ulysses_S._Grant#Civil_War,https://upload.wikimedia.org/wikipedia/commons/thumb/0/01/Grant_crop_of_Cold_Harbor_photo.png/200px-Grant_crop_of_Cold_Harbor_photo.png,0,0,0,0,0%,0%,1.05,200,,,,,,,
6,10,1864,https://en.wikipedia.org/wiki/Battle_of_Brice%27s_Cross_Roads,https://upload.wikimedia.org/wikipedia/commons/thumb/6/61/Brices_Crossroads.svg/300px-Brices_Crossroads.svg.png,25,20,25,20,-8%,0%,1.8,22,,,,,,,
7,22,1864,https://en.wikipedia.org/wiki/Battle_of_Atlanta,https://upload.wikimedia.org/wikipedia/commons/thumb/7/79/Georgia%2C_Atlanta%2C_Confederate_Works_Southeast_-_NARA_-_533414.jpg/280px-Georgia%2C_Atlanta%2C_Confederate_Works_Southeast_-_NARA_-_533414.jpg,25,20,25,20,-8%,0%,1.8,22,,,,,,,
7,30,1864,https://en.wikipedia.org/wiki/Battle_of_the_Crater,https://upload.wikimedia.org/wikipedia/commons/thumb/8/81/Battle_of_the_Crater.jpeg/450px-Battle_of_the_Crater.jpeg,25,20,25,20,-8%,0%,1.8,22,,,,,,,
4,15,1865,https://en.wikipedia.org/wiki/Andrew_Johnson,https://upload.wikimedia.org/wikipedia/commons/thumb/e/e6/Andrew_Johnson_photo_portrait_head_and_shoulders%2C_c1870-1880-Edit1.jpg/220px-Andrew_Johnson_photo_portrait_head_and_shoulders%2C_c1870-1880-Edit1.jpg,5,0,19,0,0%,0%,1.1,200,,,,,,,
4,14,1865,https://en.wikipedia.org/wiki/Assassination_of_Abraham_Lincoln,https://upload.wikimedia.org/wikipedia/commons/thumb/3/37/Lincoln_assassination_slide_c1900_-_Restoration.jpg/220px-Lincoln_assassination_slide_c1900_-_Restoration.jpg,0,0,0,2,-8%,0%,1.2,200,,,,,,,
1,31,1865,https://en.wikipedia.org/wiki/Thirteenth_Amendment_to_the_United_States_Constitution,https://upload.wikimedia.org/wikipedia/en/thumb/6/6a/Lincoln_2012_Teaser_Poster.jpg/220px-Lincoln_2012_Teaser_Poster.jpg,22,20,30,20,0%,0%,1.8,200,,,,,,,
3,4,1865,https://en.wikipedia.org/wiki/Abraham_Lincoln%27s_second_inaugural_address,https://upload.wikimedia.org/wikipedia/commons/thumb/5/5c/Abraham_Lincoln_second_inaugural_address.jpg/300px-Abraham_Lincoln_second_inaugural_address.jpg,22,20,30,20,0%,0%,1.8,200,,,,,,,
4,2,1865,"https://en.wikipedia.org/wiki/Richmond_in_the_American_Civil_War#Evacuation,_burning,_and_capture_of_Richmond",https://upload.wikimedia.org/wikipedia/commons/e/e4/Currier_and_Ives_-_The_Fall_of_Richmond%2C_Va._on_the_Night_of_April_2d._1865_%28cropped%29.jpg,27,0,34,3,0%,50%,2.2,22,,,,,,,
4,9,1865,https://en.wikipedia.org/wiki/Battle_of_Appomattox_Court_House,https://upload.wikimedia.org/wikipedia/commons/thumb/b/bc/General_Robert_E._Lee_surrenders_at_Appomattox_Court_House_1865.jpg/1280px-General_Robert_E._Lee_surrenders_at_Appomattox_Court_House_1865.jpg,27,20,14,20,-10%,0%,1.8,22,,,,,,,
6,19,1865,https://en.wikipedia.org/wiki/Juneteenth,https://www.sfaf.org/wp-content/uploads/Juneteenth-image-optimized.jpg,27,20,14,20,-10%,0%,1.7,22,,,,,,,
3,30,1867,https://en.wikipedia.org/wiki/Alaska_Purchase,https://upload.wikimedia.org/wikipedia/commons/thumb/e/e6/Flag_of_Alaska.svg/188px-Flag_of_Alaska.svg.png,5,0,19,0,0%,0%,1.1,200,,,,,,,
11,3,1868,https://en.wikipedia.org/wiki/1868_United_States_presidential_election,https://upload.wikimedia.org/wikipedia/commons/thumb/c/ce/ElectoralCollege1868.svg/348px-ElectoralCollege1868.svg.png,0,0,0,0,-10%,1%,1.9,200,,,,,,,
3,4,1869,https://en.wikipedia.org/wiki/Ulysses_S._Grant,https://upload.wikimedia.org/wikipedia/commons/thumb/5/5c/Ulysses_S._Grant_1870-1880.jpg/225px-Ulysses_S._Grant_1870-1880.jpg,5,0,19,0,0%,0%,1.1,200,,,,,,,
1,18,1871,https://en.wikipedia.org/wiki/Proclamation_of_the_German_Empire,https://upload.wikimedia.org/wikipedia/commons/thumb/7/72/A_v_Werner_-_Kaiserproklamation_am_18_Januar_1871_%283._Fassung_1885%29.jpg/220px-A_v_Werner_-_Kaiserproklamation_am_18_Januar_1871_%283._Fassung_1885%29.jpg,0,14,0,0,0%,10%,1.3,200,,,,,,,
11,5,1872,https://en.wikipedia.org/wiki/1872_United_States_presidential_election,https://upload.wikimedia.org/wikipedia/commons/thumb/c/c8/ElectoralCollege1872.svg/348px-ElectoralCollege1872.svg.png,0,0,0,0,-10%,1%,1.9,200,,,,,,,
11,7,1876,https://en.wikipedia.org/wiki/1876_United_States_presidential_election,https://upload.wikimedia.org/wikipedia/commons/thumb/7/77/ElectoralCollege1876.svg/348px-ElectoralCollege1876.svg.png,0,0,0,0,-10%,1%,1.9,200,,,,,,,
3,4,1877,https://en.wikipedia.org/wiki/Rutherford_B._Hayes,https://upload.wikimedia.org/wikipedia/commons/thumb/b/b0/President_Rutherford_Hayes_1870_-_1880_Restored_%28cropped%29%282%29.jpg/220px-President_Rutherford_Hayes_1870_-_1880_Restored_%28cropped%29%282%29.jpg,5,0,19,0,0%,0%,1.1,200,,,,,,,
11,2,1880,https://en.wikipedia.org/wiki/1880_United_States_presidential_election,https://upload.wikimedia.org/wikipedia/commons/thumb/2/21/ElectoralCollege1880.svg/348px-ElectoralCollege1880.svg.png,0,0,0,0,-10%,1%,1.9,200,,,,,,,
3,4,1881,https://en.wikipedia.org/wiki/James_A._Garfield,https://upload.wikimedia.org/wikipedia/commons/thumb/f/f5/James_Abram_Garfield%2C_photo_portrait_seated_%28cropped%29%282%29.jpg/220px-James_Abram_Garfield%2C_photo_portrait_seated_%28cropped%29%282%29.jpg,5,0,19,0,0%,0%,1.1,200,,,,,,,
3,13,1881,https://en.wikipedia.org/wiki/Assassination_of_Alexander_II_of_Russia,https://c8.alamy.com/comp/2K02AXA/assassination-of-tsar-of-alexander-ii-of-russia-by-the-peoples-will-from-an-engraving-1881-2K02AXA.jpg,0,25,40,25,0%,0%,2.1,200,,,,,,,
7,2,1881,https://en.wikipedia.org/wiki/Assassination_of_James_A._Garfield,https://upload.wikimedia.org/wikipedia/commons/thumb/8/8c/Garfield_assassination_engraving_cropped.jpg/220px-Garfield_assassination_engraving_cropped.jpg,0,25,35,25,0%,0%,2.1,200,,,,,,,
9,19,1881,https://en.wikipedia.org/wiki/Chester_A._Arthur,https://upload.wikimedia.org/wikipedia/commons/thumb/0/01/Chester_A._Arthur_by_Abraham_Bogardus.jpg/220px-Chester_A._Arthur_by_Abraham_Bogardus.jpg,5,0,19,0,0%,0%,1.1,200,,,,,,,
11,4,1884,https://en.wikipedia.org/wiki/1884_United_States_presidential_election,https://upload.wikimedia.org/wikipedia/commons/thumb/a/ad/ElectoralCollege1884.svg/348px-ElectoralCollege1884.svg.png,0,0,0,0,-10%,1%,1.9,200,,,,,,,
3,4,1885,https://en.wikipedia.org/wiki/Grover_Cleveland,https://upload.wikimedia.org/wikipedia/commons/thumb/3/36/StephenGroverCleveland.jpg/220px-StephenGroverCleveland.jpg,5,0,19,0,0%,0%,1.1,200,,,,,,,
5,4,1886,https://en.wikipedia.org/wiki/Haymarket_affair,https://upload.wikimedia.org/wikipedia/commons/thumb/6/61/HaymarketRiot-Harpers.jpg/300px-HaymarketRiot-Harpers.jpg,30,20,0,20,-15%,0%,1.7,200,,,,,,,
2,8,1887,https://en.wikipedia.org/wiki/Dawes_Act,https://upload.wikimedia.org/wikipedia/commons/thumb/b/bf/Indian_Land_for_Sale.jpg/220px-Indian_Land_for_Sale.jpg,5,0,19,0,0%,0%,1.1,200,,,,,,,
11,6,1888,https://en.wikipedia.org/wiki/1888_United_States_presidential_election,https://upload.wikimedia.org/wikipedia/commons/thumb/f/f4/ElectoralCollege1888.svg/348px-ElectoralCollege1888.svg.png,0,0,0,0,-10%,1%,1.9,200,,,,,,,
3,4,1889,https://en.wikipedia.org/wiki/Benjamin_Harrison,https://upload.wikimedia.org/wikipedia/commons/thumb/5/59/Benjamin_Harrison%2C_head_and_shoulders_bw_photo%2C_1896_%28cropped%29.jpg/220px-Benjamin_Harrison%2C_head_and_shoulders_bw_photo%2C_1896_%28cropped%29.jpg,5,0,19,0,0%,0%,1.1,200,,,,,,,
7,2,1890,https://en.wikipedia.org/wiki/Sherman_Antitrust_Act,https://nevadanewsandviews.com/wp-content/uploads/2017/12/sherman-act.jpg,5,0,19,0,0%,0%,1.1,200,,,,,,,
12,29,1890,https://en.wikipedia.org/wiki/Wounded_Knee_Massacre,https://upload.wikimedia.org/wikipedia/commons/thumb/6/64/Soldiers_at_a_burial_for_the_dead_at_Wounded_Knee%2C_South_Dakota%2C_c._1891.jpg/301px-Soldiers_at_a_burial_for_the_dead_at_Wounded_Knee%2C_South_Dakota%2C_c._1891.jpg,27,20,14,20,-10%,0%,1.7,22,,,,,,,
1,1,1892,https://en.wikipedia.org/wiki/The_Conquest_of_Bread,https://images.booksense.com/images/588/061/9780983061588.jpg,10,0,10,0,-10%,0%,1.1,200,,,,,,,
11,8,1892,https://en.wikipedia.org/wiki/1892_United_States_presidential_election,https://upload.wikimedia.org/wikipedia/commons/thumb/7/78/ElectoralCollege1892.svg/348px-ElectoralCollege1892.svg.png,0,0,0,0,-10%,1%,1.9,200,,,,,,,
3,4,1893,https://en.wikipedia.org/wiki/Grover_Cleveland,https://upload.wikimedia.org/wikipedia/commons/thumb/3/36/StephenGroverCleveland.jpg/220px-StephenGroverCleveland.jpg,5,0,19,0,0%,0%,1.1,200,,,,,,,
6,24,1894,https://en.wikipedia.org/wiki/Assassination_of_Sadi_Carnot,https://upload.wikimedia.org/wikipedia/commons/thumb/9/97/Le_Petit_Journal_1894-07-02_cover.jpg/240px-Le_Petit_Journal_1894-07-02_cover.jpg,5,0,19,0,0%,0%,1.1,200,,,,,,,
8,16,1896,https://en.wikipedia.org/wiki/Klondike_Gold_Rush,https://m.media-amazon.com/images/I/61eF95KszpL.jpg,5,0,19,0,0%,0%,1.1,200,,,,,,,
5,18,1896,https://www.oyez.org/cases/1850-1900/163us537,"https://static.wixstatic.com/media/344311_90fa02a3ca3d47e2bccaf68ccb7eb3f0~mv2.jpg/v1/fill/w_413,h_490,al_c,lg_1,q_80/344311_90fa02a3ca3d47e2bccaf68ccb7eb3f0~mv2.jpg",5,0,19,0,0%,0%,1.1,200,,,,,,,
11,3,1896,https://en.wikipedia.org/wiki/1896_United_States_presidential_election,https://upload.wikimedia.org/wikipedia/commons/thumb/7/74/ElectoralCollege1896.svg/350px-ElectoralCollege1896.svg.png,0,0,0,0,-10%,1%,1.9,200,,,,,,,
3,4,1897,https://en.wikipedia.org/wiki/William_McKinley,https://upload.wikimedia.org/wikipedia/commons/thumb/d/da/McKinley_%28cropped%29_%282%29.jpg/220px-McKinley_%28cropped%29_%282%29.jpg,5,0,19,0,0%,0%,1.1,200,,,,,,,
8,8,1897,https://en.wikipedia.org/wiki/Assassination_of_Antonio_C%C3%A1novas_del_Castillo,https://upload.wikimedia.org/wikipedia/commons/thumb/b/b4/Angiolillo-assassinato.jpg/220px-Angiolillo-assassinato.jpg,5,0,19,0,0%,0%,1.1,200,,,,,,,
7,1,1898,https://en.wikipedia.org/wiki/Battle_of_San_Juan_Hill,https://upload.wikimedia.org/wikipedia/commons/thumb/2/2b/San_Juan_Hill_by_Kurz_and_Allison.JPG/300px-San_Juan_Hill_by_Kurz_and_Allison.JPG,27,20,23,20,-10%,0%,1.7,22,,,,,,,
9,10,1898,https://en.wikipedia.org/wiki/Empress_Elisabeth_of_Austria#Assassination,https://upload.wikimedia.org/wikipedia/commons/thumb/1/17/Assassinato_luigi.jpg/220px-Assassinato_luigi.jpg,5,0,19,0,0%,0%,1.1,200,,,,,,,
8,8,1899,https://en.wikipedia.org/wiki/RMS_Oceanic_(1899),https://upload.wikimedia.org/wikipedia/commons/thumb/8/82/OCEANIC_-_Sj%C3%B6historiska_museet_-_Fo57172.jpg/300px-OCEANIC_-_Sj%C3%B6historiska_museet_-_Fo57172.jpg,30,20,0,20,-15%,0%,1.7,200,,,,,,,
7,29,1900,https://en.wikipedia.org/wiki/Umberto_I_of_Italy#Assassination,https://upload.wikimedia.org/wikipedia/commons/thumb/3/39/Gaetano_Bresci.jpg/120px-Gaetano_Bresci.jpg,5,0,19,0,0%,0%,1.2,200,,,,,,,
11,6,1900,https://en.wikipedia.org/wiki/1900_United_States_presidential_election,https://upload.wikimedia.org/wikipedia/commons/thumb/4/4a/ElectoralCollege1900.svg/350px-ElectoralCollege1900.svg.png,0,0,0,0,-10%,1%,1.9,200,,,,,,,
1,22,1901,https://en.wikipedia.org/wiki/Edward_VII,https://upload.wikimedia.org/wikipedia/commons/thumb/5/56/King-Edward-VII_%28cropped%29_%28b%29.jpg/220px-King-Edward-VII_%28cropped%29_%28b%29.jpg,5,0,19,0,0%,0%,1.1,200,,,,,,,
9,14,1901,https://en.wikipedia.org/wiki/Theodore_Roosevelt,https://upload.wikimedia.org/wikipedia/commons/thumb/5/5b/Theodore_Roosevelt_by_the_Pach_Bros.jpg/268px-Theodore_Roosevelt_by_the_Pach_Bros.jpg,5,0,19,0,0%,0%,1.1,200,,,,,,,
9,6,1901,https://en.wikipedia.org/wiki/Assassination_of_William_McKinley,https://upload.wikimedia.org/wikipedia/commons/thumb/3/3f/McKinleyAssassination.jpg/300px-McKinleyAssassination.jpg,27,20,21,20,-15%,0%,1.7,22,,,,,,,
1,1,1902,https://en.wikipedia.org/wiki/Mutual_Aid:_A_Factor_of_Evolution,https://m.media-amazon.com/images/I/41jKqU44-iL._SY445_SX342_.jpg,0,0,30,0,10%,0%,1.1,200,,,,,,,
8,23,1903,https://en.wikipedia.org/wiki/Sixth_Zionist_Congress,https://upload.wikimedia.org/wikipedia/commons/thumb/9/95/PikiWiki_Israel_28530_Herzl.jpg/330px-PikiWiki_Israel_28530_Herzl.jpg,15,0,25,0,0%,0%,1.4,200,,,,,,,
8,4,1903,https://en.wikipedia.org/wiki/Pope_Pius_X,https://upload.wikimedia.org/wikipedia/commons/thumb/2/26/Pius_X%2C_by_Ernest_Walter_Histed_%28retouched%29.jpg/220px-Pius_X%2C_by_Ernest_Walter_Histed_%28retouched%29.jpg,5,0,19,0,0%,0%,1.1,200,,,,,,,
10,13,1903,https://en.wikipedia.org/wiki/1903_World_Series,https://upload.wikimedia.org/wikipedia/commons/thumb/5/5d/WorldSeries1903-640.jpg/250px-WorldSeries1903-640.jpg,30,20,0,20,-15%,0%,1.7,200,,,,,,,
11,8,1904,https://en.wikipedia.org/wiki/1904_United_States_presidential_election,https://upload.wikimedia.org/wikipedia/commons/thumb/a/aa/ElectoralCollege1904.svg/348px-ElectoralCollege1904.svg.png,0,0,0,0,-10%,1%,1.9,200,,,,,,,
1,22,1905,https://en.wikipedia.org/wiki/Bloody_Sunday_(1905),https://upload.wikimedia.org/wikipedia/en/thumb/3/3b/Gapon_crowd_1905.jpg/300px-Gapon_crowd_1905.jpg,32,20,22,20,-15%,0%,1.8,22,,,,,,,
5,27,1905,https://en.wikipedia.org/wiki/Battle_of_Tsushima,https://upload.wikimedia.org/wikipedia/commons/thumb/5/52/Battle_of_Tsushima%2C_1905_by_T%C5%8Dj%C5%8D_Sh%C5%8Dtar%C5%8D.jpg/450px-Battle_of_Tsushima%2C_1905_by_T%C5%8Dj%C5%8D_Sh%C5%8Dtar%C5%8D.jpg,32,20,22,20,-15%,0%,1.8,22,,,,,,,
9,5,1905,https://en.wikipedia.org/wiki/Treaty_of_Portsmouth,https://upload.wikimedia.org/wikipedia/commons/thumb/1/1c/Treaty_of_Portsmouth.jpg/330px-Treaty_of_Portsmouth.jpg,0,20,0,20,-8%,0%,1.8,22,,,,,,,
6,1,1906,https://en.wikipedia.org/wiki/Pure_Food_and_Drug_Act,https://postalmuseum.si.edu/sites/default/files/1d_huntsremedy-1.jpg,29,20,21,20,-15%,0%,1.7,22,,,,,,,
6,2,1907,https://en.wikipedia.org/wiki/Coup_of_June_1907,https://upload.wikimedia.org/wikipedia/commons/thumb/1/1f/Pyotr_Stolypin_LOC_07327.jpg/330px-Pyotr_Stolypin_LOC_07327.jpg,5,0,19,0,0%,0%,1.1,200,,,,,,,
11,3,1908,https://en.wikipedia.org/wiki/1908_United_States_presidential_election,https://upload.wikimedia.org/wikipedia/commons/thumb/0/07/ElectoralCollege1908.svg/348px-ElectoralCollege1908.svg.png,0,0,0,0,-10%,1%,1.9,200,,,,,,,
7,26,1908,https://en.wikipedia.org/wiki/Federal_Bureau_of_Investigation,https://upload.wikimedia.org/wikipedia/commons/thumb/8/86/Badge_of_a_Federal_Bureau_of_Investigation_special_agent.png/140px-Badge_of_a_Federal_Bureau_of_Investigation_special_agent.png,0,0,0,0,-8%,0%,0.9,200,,,,,,,
3,4,1909,https://en.wikipedia.org/wiki/William_Howard_Taft,https://upload.wikimedia.org/wikipedia/commons/thumb/a/a1/Cabinet_card_of_William_Howard_Taft_by_Pach_Brothers_-_Cropped_to_image.jpg/220px-Cabinet_card_of_William_Howard_Taft_by_Pach_Brothers_-_Cropped_to_image.jpg,5,0,19,0,0%,0%,1.1,200,,,,,,,
4,13,1909,https://en.wikipedia.org/wiki/31_March_incident,https://upload.wikimedia.org/wikipedia/commons/thumb/b/bf/Jungt%C3%BCrkische_Parlamentsmitglieder_in_Saloniki%2C_1909.jpg/220px-Jungt%C3%BCrkische_Parlamentsmitglieder_in_Saloniki%2C_1909.jpg,29,20,21,20,-15%,0%,1.7,22,,,,,,,
8,5,1909,https://en.wikipedia.org/wiki/Payne%E2%80%93Aldrich_Tariff_Act,https://cdn.britannica.com/87/71187-004-CE34DCF7.jpg,29,20,21,20,-15%,0%,1.7,22,,,,,,,
2,12,1909,https://en.wikipedia.org/wiki/NAACP,https://upload.wikimedia.org/wikipedia/en/thumb/0/0f/NAACP_seal.svg/150px-NAACP_seal.svg.png,0,0,0,0,0%,0%,1,200,,,,,,,
5,6,1910,https://en.wikipedia.org/wiki/George_V,https://upload.wikimedia.org/wikipedia/commons/thumb/c/c9/King_George_1923_LCCN2014715558_%28cropped%29.jpg/220px-King_George_1923_LCCN2014715558_%28cropped%29.jpg,5,0,19,0,0%,0%,1.1,200,,,,,,,
3,25,1911,https://en.wikipedia.org/wiki/Triangle_Shirtwaist_Factory_fire,https://upload.wikimedia.org/wikipedia/commons/thumb/8/87/Image_of_Triangle_Shirtwaist_Factory_fire_on_March_25_-_1911.jpg/275px-Image_of_Triangle_Shirtwaist_Factory_fire_on_March_25_-_1911.jpg,0,0,18,0,0%,0%,1.06,22,,,,,,,
10,10,1911,https://en.wikipedia.org/wiki/National_Day_of_the_Republic_of_China,https://upload.wikimedia.org/wikipedia/commons/thumb/b/bb/Double-tenth-symbol.svg/240px-Double-tenth-symbol.svg.png,0,0,18,0,-20%,0%,1.06,22,,,,,,,
11,5,1912,https://en.wikipedia.org/wiki/1912_United_States_presidential_election,https://upload.wikimedia.org/wikipedia/commons/thumb/a/a9/ElectoralCollege1912.svg/350px-ElectoralCollege1912.svg.png,0,0,0,0,-10%,1%,1.9,200,,,,,,,
1,1,1912,https://en.wikipedia.org/wiki/Sun_Yat-sen,https://upload.wikimedia.org/wikipedia/commons/thumb/d/d9/%E5%AD%99%E4%B8%AD%E5%B1%B1%E8%82%96%E5%83%8F.jpg/220px-%E5%AD%99%E4%B8%AD%E5%B1%B1%E8%82%96%E5%83%8F.jpg,5,0,19,0,0%,0%,1.1,200,,,,,,,
2,12,1912,https://en.wikipedia.org/wiki/Imperial_Edict_of_the_Abdication_of_the_Qing_Emperor,https://www.historyhit.com/app/uploads/2022/01/Puyi-infant-1-e1643706577370.jpg?x65987,5,0,19,0,0%,0%,1.1,200,,,,,,,
3,14,1912,https://en.wikipedia.org/wiki/Sinking_of_the_Titanic,https://upload.wikimedia.org/wikipedia/commons/thumb/6/6e/St%C3%B6wer_Titanic.jpg/300px-St%C3%B6wer_Titanic.jpg,0,0,25,0,-7%,50%,1.7,22,,,,,,,
11,12,1912,https://en.wikipedia.org/wiki/Jos%C3%A9_Canalejas_y_M%C3%A9ndez#Death,https://encrypted-tbn0.gstatic.com/images?q=tbn:ANd9GcTIz0ZQ3sh882aFBZ_jL30zu9musrCduP1bQA&s,0,13,30,13,0%,0%,1.5,200,,,,,,,
3,4,1913,https://en.wikipedia.org/wiki/Woodrow_Wilson,https://upload.wikimedia.org/wikipedia/commons/thumb/d/dc/Thomas_Woodrow_Wilson%2C_Harris_%26_Ewing_bw_photo_portrait%2C_1919_-_black_and_white_%28cropped%29.jpg/220px-Thomas_Woodrow_Wilson%2C_Harris_%26_Ewing_bw_photo_portrait%2C_1919_-_black_and_white_%28cropped%29.jpg,5,0,19,0,0%,0%,1.1,200,,,,,,,
3,3,1913,https://en.wikipedia.org/wiki/Woman_Suffrage_Procession,https://upload.wikimedia.org/wikipedia/commons/thumb/d/d6/Official_Program_Woman_Suffrage_Procession_-_March_3%2C_1913.jpg/240px-Official_Program_Woman_Suffrage_Procession_-_March_3%2C_1913.jpg,22,20,30,20,0%,0%,1.8,200,,,,,,,
12,23,1913,https://en.wikipedia.org/wiki/Federal_Reserve_Act,https://upload.wikimedia.org/wikipedia/commons/thumb/1/1a/Seal_of_the_United_States_Federal_Reserve_System.svg/150px-Seal_of_the_United_States_Federal_Reserve_System.svg.png,0,0,0,0,-10%,0%,1,22,,,,,,,
8,10,1914,https://en.wikipedia.org/wiki/Charles_Sumner_Hamlin,https://upload.wikimedia.org/wikipedia/commons/thumb/b/bb/HAMLIN%2C_CHARLES_S._ASSISTANT_SECRETARY_OF_THE_TREASURY%2C_1913-_LCCN2016864808_%28cropped%29.jpg/220px-HAMLIN%2C_CHARLES_S._ASSISTANT_SECRETARY_OF_THE_TREASURY%2C_1913-_LCCN2016864808_%28cropped%29.jpg,5,0,19,0,0%,0%,1.1,200,,,,,,,
9,3,1914,https://en.wikipedia.org/wiki/Pope_Benedict_XV,https://upload.wikimedia.org/wikipedia/commons/thumb/0/0b/Benedictus_XV%2C_by_Nicola_Perscheid%2C_1915_%28retouched%29.jpg/220px-Benedictus_XV%2C_by_Nicola_Perscheid%2C_1915_%28retouched%29.jpg,5,0,19,0,0%,0%,1.1,200,,,,,,,
6,28,1914,https://en.wikipedia.org/wiki/Assassination_of_Archduke_Franz_Ferdinand,https://upload.wikimedia.org/wikipedia/commons/thumb/e/ea/DC-1914-27-d-Sarajevo-cropped.jpg/240px-DC-1914-27-d-Sarajevo-cropped.jpg,22,20,30,20,0%,0%,1.8,200,,,,,,,
7,5,1914,https://encyclopedia.1914-1918-online.net/article/germanys-blank-cheque-to-austria-hungary/,https://cdn.images.express.co.uk/img/dynamic/129/590x/secondary/177793.jpg?r=1686998680160,22,20,30,20,0%,0%,1.8,200,,,,,,,
8,3,1914,https://www.history.com/this-day-in-history/germany-and-france-declare-war-on-each-other,https://upload.wikimedia.org/wikipedia/en/thumb/c/c3/Flag_of_France.svg/255px-Flag_of_France.svg.png,0,0,0,0,-10%,0%,1,22,,,,,,,
8,4,1914,https://en.wikipedia.org/wiki/British_entry_into_World_War_I,https://upload.wikimedia.org/wikipedia/commons/thumb/a/a5/Flag_of_the_United_Kingdom_%281-2%29.svg/125px-Flag_of_the_United_Kingdom_%281-2%29.svg.png,0,0,0,0,-10%,0%,1,22,,,,,,,
8,15,1914,https://en.wikipedia.org/wiki/Panama_Canal,https://upload.wikimedia.org/wikipedia/commons/thumb/7/7c/Panama.A2003087.1850.250m.jpg/280px-Panama.A2003087.1850.250m.jpg,0,0,0,0,-10%,0%,1,22,,,,,,,
10,29,1914,https://en.wikipedia.org/wiki/Black_Sea_raid,https://upload.wikimedia.org/wikipedia/commons/thumb/4/4a/Shelling_of_Sevastopol_by_the_Turkish_Fleet_on_30._October_1914.png/300px-Shelling_of_Sevastopol_by_the_Turkish_Fleet_on_30._October_1914.png,22,20,30,20,0%,0%,1.8,200,,,,,,,
10,30,1914,https://en.wikipedia.org/wiki/Ottoman_entry_into_World_War_I,https://upload.wikimedia.org/wikipedia/commons/thumb/c/c7/Coat_of_arms_of_the_Ottoman_Empire_%281882%E2%80%931922%29.svg/125px-Coat_of_arms_of_the_Ottoman_Empire_%281882%E2%80%931922%29.svg.png,0,0,25,0,0%,50%,1.3,22,,,,,,,
12,25,1914,https://en.wikipedia.org/wiki/Christmas_truce,https://upload.wikimedia.org/wikipedia/en/thumb/4/42/Illustrated_London_News_-_Christmas_Truce_1914.jpg/250px-Illustrated_London_News_-_Christmas_Truce_1914.jpg,22,20,30,20,0%,0%,1.8,200,,,,,,,
2,8,1915,https://en.wikipedia.org/wiki/The_Birth_of_a_Nation,https://upload.wikimedia.org/wikipedia/commons/thumb/6/61/Birth_of_a_Nation_theatrical_poster.jpg/330px-Birth_of_a_Nation_theatrical_poster.jpg,27,0,0,0,-24%,0%,1.2,200,,,,,,,
4,25,1915,https://en.wikipedia.org/wiki/Anzac_Day,https://upload.wikimedia.org/wikipedia/commons/thumb/e/e9/Dawn_service_gnangarra_03.jpg/240px-Dawn_service_gnangarra_03.jpg,0,10,0,10,-10%,0%,1.3,22,,,,,,,
5,7,1915,https://en.wikipedia.org/wiki/Sinking_of_the_RMS_Lusitania,https://upload.wikimedia.org/wikipedia/commons/thumb/8/81/Bundesarchiv_DVM_10_Bild-23-61-17%2C_Untergang_der_%22Lusitania%22.jpg/300px-Bundesarchiv_DVM_10_Bild-23-61-17%2C_Untergang_der_%22Lusitania%22.jpg,0,10,0,10,-10%,0%,1.3,22,,,,,,,
5,23,1915,https://en.wikipedia.org/wiki/Italian_entry_into_World_War_I,https://upload.wikimedia.org/wikipedia/commons/thumb/0/0d/Flag_of_Italy_%281861-1946%29_crowned.svg/125px-Flag_of_Italy_%281861-1946%29_crowned.svg.png,0,0,0,0,-10%,0%,1,22,,,,,,,
8,6,1915,https://en.wikipedia.org/wiki/Attack_of_the_Dead_Men,https://cdnb.artstation.com/p/assets/images/images/035/882/823/large/elena-sheveleva-21-final.jpg?1616149569,5,0,19,0,0%,0%,1.1,200,,,,,,,
5,31,1916,https://en.wikipedia.org/wiki/Battle_of_Jutland,https://www.rmg.co.uk/sites/default/files/styles/full_width_1440/public/Jutland%20banner%202.jpg?itok=FsZvJgPk,0,22,20,22,-12%,0%,2,200,,,,,,,
8,10,1916,https://en.wikipedia.org/wiki/William_P._G._Harding,https://upload.wikimedia.org/wikipedia/commons/thumb/7/78/W._P._G._Harding_LCCN2016858906_%28retouched%29.jpg/220px-W._P._G._Harding_LCCN2016858906_%28retouched%29.jpg,5,0,19,0,0%,0%,1.1,200,,,,,,,
11,7,1916,https://en.wikipedia.org/wiki/1916_United_States_presidential_election,https://upload.wikimedia.org/wikipedia/commons/thumb/e/e1/ElectoralCollege1916.svg/350px-ElectoralCollege1916.svg.png,0,0,0,0,-10%,1%,1.9,200,,,,,,,
1,3,1916,https://en.wikipedia.org/wiki/Sykes%E2%80%93Picot_Agreement,https://cdn.britannica.com/91/187391-050-ADA355CB/Map-Sykes-Picot-Agreement.jpg,0,10,0,10,-10%,0%,1.3,22,,,,,,,
7,30,1916,https://en.wikipedia.org/wiki/Black_Tom_explosion,https://upload.wikimedia.org/wikipedia/commons/thumb/8/8f/View_of_the_debris_of_the_Lehigh_Valley_pier_after_Black_Tom_explosion_%28cropped%29.jpg/1280px-View_of_the_debris_of_the_Lehigh_Valley_pier_after_Black_Tom_explosion_%28cropped%29.jpg,0,10,0,10,-10%,0%,1.3,22,,,,,,,
11,21,1916,https://en.wikipedia.org/wiki/Franz_Joseph_I_of_Austria#Death,https://www.habsburger.net/files/styles/large/public/originale/franz_von_matsch_franz_joseph_auf_seinem_sterbebett_oelgemaelde_1916_original_0.jpg?itok=KdCWQILc&timestamp=1332428049,0,20,27,20,-5%,0%,1.8,200,,,,,,,
12,13,1916,https://en.wikipedia.org/wiki/White_Friday_(1916),https://upload.wikimedia.org/wikipedia/commons/thumb/2/29/Marmolata.JPG/250px-Marmolata.JPG,20,20,28,20,-2%,0%,1.8,200,,,,,,,
1,11,1917,https://en.wikipedia.org/wiki/Silent_Sentinels,https://upload.wikimedia.org/wikipedia/commons/thumb/7/73/Women_suffragists_picketing_in_front_of_the_White_house.jpg/300px-Women_suffragists_picketing_in_front_of_the_White_house.jpg,33,0,17,0,-10%,-34%,2.5,22,,,,,,,
3,8,1917,https://en.wikipedia.org/wiki/International_Women%27s_Day#The_Russian_Revolution_and_Communist_countries,https://upload.wikimedia.org/wikipedia/commons/thumb/c/c6/The_Soviet_Union_1949_CPA_1368_stamp_%28International_Women%27s_Day%2C_March_8._Political_leadership%29.jpg/200px-The_Soviet_Union_1949_CPA_1368_stamp_%28International_Women%27s_Day%2C_March_8._Political_leadership%29.jpg,10,0,5,0,-10%,-5%,1.1,22,,,,,,,
3,3,1917,https://en.wikipedia.org/wiki/Zimmermann_telegram,https://upload.wikimedia.org/wikipedia/commons/thumb/f/f0/Zimmermann_Telegram_as_Received_by_the_German_Ambassador_to_Mexico_-_NARA_-_302025.jpg/220px-Zimmermann_Telegram_as_Received_by_the_German_Ambassador_to_Mexico_-_NARA_-_302025.jpg,0,5,30,10,11%,0%,1.3,22,,,,,,,
4,6,1917,https://en.wikipedia.org/wiki/American_entry_into_World_War_I,https://upload.wikimedia.org/wikipedia/commons/thumb/a/a9/Flag_of_the_United_States_%28DoS_ECA_Color_Standard%29.svg/125px-Flag_of_the_United_States_%28DoS_ECA_Color_Standard%29.svg.png,0,10,0,10,10%,0%,1.3,22,,,,,,,
4,16,1917,https://www.history.com/this-day-in-history/lenin-returns-to-russia-from-exile,https://static.themoscowtimes.com/image/article_1360/8b/19982e6c85.jpg,0,37,0,10,-10%,23%,2,22,,,,,,,
6,23,1917,https://en.wikipedia.org/wiki/First_Universal_of_the_Ukrainian_Central_Council,https://upload.wikimedia.org/wikipedia/commons/thumb/e/ed/Coat_of_Arms_of_UNR.svg/225px-Coat_of_Arms_of_UNR.svg.png,5,0,0,0,-10%,0%,1,200,,,,,,,
6,15,1917,https://en.wikipedia.org/wiki/Espionage_Act_of_1917,https://www.thoughtco.com/thmb/gEWsXfVmLRzAXlWP5HGfsjSJVY8=/1500x0/filters:no_upscale():max_bytes(150000):strip_icc()/binoculars-97237752-5bc0f7f84cedfd00269089f9.jpg,22,20,30,20,0%,0%,1.8,200,,,,,,,
11,7,1917,https://en.wikipedia.org/wiki/October_Revolution,https://upload.wikimedia.org/wikipedia/commons/thumb/7/70/Kustodiev_The_Bolshevik.jpg/220px-Kustodiev_The_Bolshevik.jpg,0,20,30,20,0%,0%,1.8,200,,,,,,,
11,2,1917,https://en.wikipedia.org/wiki/Balfour_Declaration,https://upload.wikimedia.org/wikipedia/commons/thumb/8/8e/Balfour_declaration_unmarked.jpg/300px-Balfour_declaration_unmarked.jpg,57,37,0,10,-65%,23%,2,22,,,,,,,
11,23,1917,https://www.theatlantic.com/international/archive/2016/05/sykes-picot-centennial/482904/,https://cdn.britannica.com/91/187391-050-ADA355CB/Map-Sykes-Picot-Agreement.jpg,0,10,0,10,-10%,0%,1.3,22,,,,,,,
11,25,1917,https://en.wikipedia.org/wiki/1917_Russian_Constituent_Assembly_election,https://upload.wikimedia.org/wikipedia/commons/thumb/9/9d/1917_Russian_Constituent_Assembly_election_results_map.svg/450px-1917_Russian_Constituent_Assembly_election_results_map.svg.png,22,20,30,20,0%,0%,1.8,200,,,,,,,
1,8,1918,https://en.wikipedia.org/wiki/Fourteen_Points,https://upload.wikimedia.org/wikipedia/commons/thumb/6/61/Bushnell_cartoon_about_Kaiser_Wilhelm_considering_Wilson%27s_14-point_plan.jpg/220px-Bushnell_cartoon_about_Kaiser_Wilhelm_considering_Wilson%27s_14-point_plan.jpg,0,0,0,0,-10%,1%,1,200,,,,,,,
1,18,1918,https://soviethistory.msu.edu/1917-2/constituent-assembly/constituent-assembly-texts/dissolution-of-the-constituent-assembly/,https://upload.wikimedia.org/wikipedia/commons/thumb/e/ea/Russian_coa_1917.svg/150px-Russian_coa_1917.svg.png,0,0,0,0,-10%,1%,1,200,,,,,,,
3,18,1918,https://en.wikipedia.org/wiki/Treaty_of_Brest-Litovsk,https://upload.wikimedia.org/wikipedia/commons/thumb/e/e4/Bundesarchiv_Bild_183-R92623%2C_Brest-Litowsk%2C_Waffenstillstandsabkommen.jpg/220px-Bundesarchiv_Bild_183-R92623%2C_Brest-Litowsk%2C_Waffenstillstandsabkommen.jpg,27,20,25,20,-8%,0%,1.8,22,,,,,,,
5,14,1918,https://en.wikipedia.org/wiki/Henry_Johnson_(World_War_I_soldier),https://upload.wikimedia.org/wikipedia/commons/thumb/8/86/Henry_Lincoln_Johnson_in_uniform_%28cropped%29.png/330px-Henry_Lincoln_Johnson_in_uniform_%28cropped%29.png,22,20,30,20,0%,0%,1.8,200,,,,,,,
4,21,1918,https://www.kumc.edu/school-of-medicine/academics/departments/history-and-philosophy-of-medicine/archives/wwi/essays/biography/red-baron.html,https://upload.wikimedia.org/wikipedia/commons/thumb/1/11/Manfred_von_Richthofen.jpg/220px-Manfred_von_Richthofen.jpg,5,0,19,0,0%,0%,1.15,200,,,,,,,
7,16,1918,https://en.wikipedia.org/wiki/Murder_of_the_Romanov_family,https://upload.wikimedia.org/wikipedia/commons/thumb/7/7a/Russian_Imperial_Family_1913.jpg/268px-Russian_Imperial_Family_1913.jpg,0,0,35,0,12%,50%,1.7,22,,,,,,,
9,18,1918,https://en.wikipedia.org/wiki/Battle_of_Doiran_(1918),https://upload.wikimedia.org/wikipedia/commons/thumb/3/37/Karasouli_Polykastro_British_Military_Cemetery.jpg/450px-Karasouli_Polykastro_British_Military_Cemetery.jpg,22,20,30,20,0%,0%,1.8,200,,,,,,,
11,9,1918,https://en.wikipedia.org/wiki/Abdication_of_Wilhelm_II,https://upload.wikimedia.org/wikipedia/commons/thumb/c/ce/Berlin%2C_Alte_Nationalgalerie%2C_Vilma_Parlaghy%2C_Portr%C3%A4t_Kaiser_Wilhelm_II_.JPG/220px-Berlin%2C_Alte_Nationalgalerie%2C_Vilma_Parlaghy%2C_Portr%C3%A4t_Kaiser_Wilhelm_II_.JPG,5,0,19,0,0%,2%,1.18,200,,,,,,,
11,11,1918,https://en.wikipedia.org/wiki/Armistice_of_11_November_1918,https://media.istockphoto.com/id/1138208768/vector/red-poppy-flower.jpg?s=612x612&w=0&k=20&c=f0uS5kVODDpwU0ZDqxACt67huTVlbkh_XYYItggXOrY=,5,0,19,0,-8%,2%,1.18,200,,,,,,,
10,8,1918,https://en.wikipedia.org/wiki/Alvin_York,https://upload.wikimedia.org/wikipedia/commons/4/41/Alvin_C._York_1919.jpg,5,0,19,0,0%,0%,1.15,200,,,,,,,
3,3,1919,https://www.oyez.org/cases/1900-1940/249us47,https://91b6be3bd2294a24b7b5-da4c182123f5956a3d22aa43eb816232.ssl.cf1.rackcdn.com/contentItem-11029544-101878543-knbfaedytsl4y-or.png,22,20,30,20,0%,0%,1.8,200,,,,,,,
2,11,1919,https://en.wikipedia.org/wiki/Friedrich_Ebert,https://upload.wikimedia.org/wikipedia/commons/thumb/9/9e/Bundesarchiv_Bild_102-00015%2C_Friedrich_Ebert%28cropped%29.jpg/220px-Bundesarchiv_Bild_102-00015%2C_Friedrich_Ebert%28cropped%29.jpg,5,0,19,0,0%,0%,1.1,200,,,,,,,
6,28,1919,https://en.wikipedia.org/wiki/Treaty_of_Versailles,https://upload.wikimedia.org/wikipedia/commons/thumb/b/b8/Treaty_of_Versailles%2C_English_version.jpg/180px-Treaty_of_Versailles%2C_English_version.jpg,5,0,19,0,0%,0%,1.1,200,,,,,,,
9,1,1919,https://en.wikipedia.org/wiki/Communist_Party_USA,https://upload.wikimedia.org/wikipedia/commons/thumb/c/c7/CPUSA.svg/180px-CPUSA.svg.png,5,0,19,0,0%,0%,1.1,200,,,,,,,
10,2,1919,https://en.wikipedia.org/wiki/Edith_Wilson#Increased_role_after_husband's_stroke,https://upload.wikimedia.org/wikipedia/commons/thumb/e/ef/Edith_Wilson_cropped_2.jpg/220px-Edith_Wilson_cropped_2.jpg,5,0,19,0,0%,0%,1.1,200,,,,,,,
6,5,1920,https://en.wikipedia.org/wiki/Merchant_Marine_Act_of_1920,https://intpolicydigest.org/wp-content/uploads/2022/04/0390490376454.jpg,30,20,32,32,-7%,-15%,2.3,200,,,,,,,
1,16,1920,https://en.wikipedia.org/wiki/Prohibition_in_the_United_States,https://as1.ftcdn.net/v2/jpg/03/92/00/14/1000_F_392001425_tEVpqaLsOPcvbMTvF9h94EJZgbeyJ9E3.jpg,5,0,0,0,-5%,0%,1.2,200,,,,,,,
4,25,1920,https://en.wikipedia.org/wiki/San_Remo_conference,https://upload.wikimedia.org/wikipedia/commons/thumb/6/63/San_Remo_Conference_1920.JPG/300px-San_Remo_Conference_1920.JPG,5,0,0,0,-5%,0%,1.2,200,,,,,,,
5,19,1920,https://en.wikipedia.org/wiki/Battle_of_Matewan,https://upload.wikimedia.org/wikipedia/en/thumb/1/1d/Matewan_poster.jpg/220px-Matewan_poster.jpg,5,0,15,0,0%,0%,1,200,,,,,,,
8,26,1920,https://en.wikipedia.org/wiki/Nineteenth_Amendment_to_the_United_States_Constitution,https://upload.wikimedia.org/wikipedia/commons/thumb/5/50/Venus_symbol_%28heavy_pink%29.svg/80px-Venus_symbol_%28heavy_pink%29.svg.png,5,0,0,0,0%,0%,1,200,,,,,,,
9,16,1920,https://en.wikipedia.org/wiki/Wall_Street_bombing,https://upload.wikimedia.org/wikipedia/commons/thumb/2/22/Saarlouis_Bombe.jpg/220px-Saarlouis_Bombe.jpg,5,0,0,0,0%,0%,1,200,,,,,,,
11,2,1920,https://en.wikipedia.org/wiki/1920_United_States_presidential_election,https://upload.wikimedia.org/wikipedia/commons/thumb/b/ba/ElectoralCollege1920.svg/350px-ElectoralCollege1920.svg.png,0,0,0,0,-10%,1%,1.9,200,,,,,,,
3,15,1921,https://en.wikipedia.org/wiki/Assassination_of_Talaat_Pasha,https://upload.wikimedia.org/wikipedia/commons/thumb/8/85/Nemesis_of_Rhamnous_Type_%28Farnese_Collection%29.jpg/220px-Nemesis_of_Rhamnous_Type_%28Farnese_Collection%29.jpg,22,20,30,20,0%,0%,1.8,200,,,,,,,
6,10,1921,https://en.wikipedia.org/wiki/Budget_and_Accounting_Act,https://dynatempintl.com/wp-content/uploads/2015/05/OMB.jpg,5,0,0,0,-15%,0%,1,200,,,,,,,
8,1,1921,https://en.wikipedia.org/wiki/Sid_Hatfield,https://upload.wikimedia.org/wikipedia/commons/thumb/4/4d/Sid_Hatfield_c1920.jpg/220px-Sid_Hatfield_c1920.jpg,5,0,19,0,0%,0%,1.1,200,,,,,,,
8,23,1921,https://en.wikipedia.org/wiki/Faisal_I_of_Iraq,https://upload.wikimedia.org/wikipedia/commons/thumb/a/a8/1307109799_king-faisal-i-of-iraq-kopiya.jpg/220px-1307109799_king-faisal-i-of-iraq-kopiya.jpg,5,0,19,0,0%,0%,1.1,200,,,,,,,
12,6,1921,https://en.wikipedia.org/wiki/Said_Halim_Pasha#Arrest_and_assassination,https://upload.wikimedia.org/wikipedia/commons/6/6e/Saidhalim-1.JPG,5,0,19,0,0%,0%,1.1,200,,,,,,,
3,4,1921,https://en.wikipedia.org/wiki/Warren_G._Harding,https://upload.wikimedia.org/wikipedia/commons/thumb/a/a1/Warren_G_Harding-Harris_%26_Ewing_%28cropped%29%282%29.jpg/220px-Warren_G_Harding-Harris_%26_Ewing_%28cropped%29%282%29.jpg,5,0,19,0,0%,0%,1.1,200,,,,,,,
2,6,1922,https://en.wikipedia.org/wiki/Pope_Pius_XI,https://upload.wikimedia.org/wikipedia/commons/thumb/f/f9/Pius_XI%2C_by_Nicola_Perscheid_%28retouched%29.jpg/220px-Pius_XI%2C_by_Nicola_Perscheid_%28retouched%29.jpg,5,0,19,0,0%,0%,1.1,200,,,,,,,
10,28,1922,https://en.wikipedia.org/wiki/March_on_Rome,https://upload.wikimedia.org/wikipedia/commons/thumb/b/b2/Naples_Fascist_rally_on_24_October_1922.jpg/220px-Naples_Fascist_rally_on_24_October_1922.jpg,22,20,30,20,0%,0%,1.8,200,,,,,,,
10,31,1922,https://en.wikipedia.org/wiki/Benito_Mussolini,https://upload.wikimedia.org/wikipedia/commons/thumb/6/67/Mussolini_biografia.jpg/220px-Mussolini_biografia.jpg,5,0,19,0,0%,0%,1.1,200,,,,,,,
12,30,1922,https://www.history.com/this-day-in-history/ussr-established,https://upload.wikimedia.org/wikipedia/commons/thumb/7/7e/Hammer_and_sickle.svg/220px-Hammer_and_sickle.svg.png,5,0,19,0,0%,0%,1.1,200,,,,,,,
5,1,1923,https://en.wikipedia.org/wiki/Daniel_Richard_Crissinger,https://upload.wikimedia.org/wikipedia/commons/thumb/c/c6/Daniel_R._Crissinger_cropped.jpg/220px-Daniel_R._Crissinger_cropped.jpg,5,0,19,0,0%,0%,1.1,200,,,,,,,
8,2,1923,https://en.wikipedia.org/wiki/Calvin_Coolidge,https://upload.wikimedia.org/wikipedia/commons/thumb/a/a3/Calvin_Coolidge_cph.3g10777_%28cropped%29.jpg/220px-Calvin_Coolidge_cph.3g10777_%28cropped%29.jpg,5,0,19,0,0%,0%,1.1,200,,,,,,,
1,21,1924,https://en.wikipedia.org/wiki/Death_and_state_funeral_of_Vladimir_Lenin,https://encrypted-tbn0.gstatic.com/images?q=tbn:ANd9GcTGEDxvvRQ2AppYeV1dL701hTIXhyA7rGYWu9hMfft5LVc4BIjhC2enzS9XMg&s,0,14,25,15,0%,0%,1.5,200,,,,,,,
5,10,1924,https://en.wikipedia.org/wiki/J._Edgar_Hoover,https://upload.wikimedia.org/wikipedia/commons/thumb/b/b0/Hoover-JEdgar-LOC.jpg/220px-Hoover-JEdgar-LOC.jpg,5,0,19,0,0%,0%,1.1,200,,,,,,,
5,24,1924,https://www.history.com/this-day-in-history/beer-hall-putsch-secures-hitlers-rise-to-power,"https://media-cldnry.s-nbcnews.com/image/upload/t_fit-1240w,f_auto,q_auto:best/newscms/2015_42/1263296/151015-young-hitler-0952.jpg",5,0,19,0,0%,0%,1.1,200,,,,,,,
6,2,1924,https://en.wikipedia.org/wiki/Indian_Citizenship_Act,https://i.redd.it/7euoqln0q04b1.jpg,5,0,19,0,0%,0%,1.1,200,,,,,,,
6,10,1924,https://en.wikipedia.org/wiki/Giacomo_Matteotti,https://upload.wikimedia.org/wikipedia/commons/thumb/9/93/Giacomo_Matteotti_2.jpg/220px-Giacomo_Matteotti_2.jpg,5,0,19,0,0%,0%,1.1,200,,,,,,,
12,20,1924,https://www.historyplace.com/worldwar2/riseofhitler/new.htm,https://encrypted-tbn0.gstatic.com/images?q=tbn:ANd9GcTe_dKxh-GDiH2JmnzC-3o7jvd8U1SPuTqwpA&s,5,0,19,0,0%,0%,1.1,200,,,,,,,
11,4,1924,https://en.wikipedia.org/wiki/1924_United_States_presidential_election,https://upload.wikimedia.org/wikipedia/commons/thumb/1/1c/ElectoralCollege1924.svg/348px-ElectoralCollege1924.svg.png,0,0,0,0,-10%,1%,1.9,200,,,,,,,
1,3,1925,https://bibliotecafascista.blogspot.com/2012/03/speech-in-chamber-january-3-1925.html,https://cdn.britannica.com/91/9891-050-DC25B5E5/Benito-Mussolini.jpg,22,20,30,20,0%,0%,1.8,200,,,,,,,
5,12,1925,https://en.wikipedia.org/wiki/Paul_von_Hindenburg,https://upload.wikimedia.org/wikipedia/commons/thumb/c/cb/Bundesarchiv_Bild_183-C06886%2C_Paul_v._Hindenburg_%28cropped%29%282%29.jpg/220px-Bundesarchiv_Bild_183-C06886%2C_Paul_v._Hindenburg_%28cropped%29%282%29.jpg,5,0,19,0,0%,0%,1.1,200,,,,,,,
7,18,1925,https://en.wikipedia.org/wiki/Mein_Kampf,https://upload.wikimedia.org/wikipedia/commons/thumb/3/30/Mein_Kampf_dust_jacket.jpeg/220px-Mein_Kampf_dust_jacket.jpeg,5,0,19,0,0%,0%,1.1,200,,,,,,,
11,25,1926,https://en.wikipedia.org/wiki/Workweek_and_weekend,https://content.time.com/time/80days/pictures/260925.jpg,26,24,33,24,0%,0%,2,200,,,,,,,
10,4,1927,https://en.wikipedia.org/wiki/Roy_A._Young,https://upload.wikimedia.org/wikipedia/commons/thumb/4/47/Roy_A._Young_2.jpg/220px-Roy_A._Young_2.jpg,5,0,19,0,0%,0%,1.1,200,,,,,,,
6,4,1928,https://www.oyez.org/cases/1900-1940/277us438,https://upload.wikimedia.org/wikipedia/commons/thumb/e/ea/IDET2007_Jitka_phone_tapping_device.jpg/220px-IDET2007_Jitka_phone_tapping_device.jpg,5,0,19,0,0%,0%,1.1,200,,,,,,,
11,6,1928,https://en.wikipedia.org/wiki/1928_United_States_presidential_election,https://upload.wikimedia.org/wikipedia/commons/thumb/b/bb/ElectoralCollege1928.svg/348px-ElectoralCollege1928.svg.png,0,0,0,0,-10%,1%,1.9,200,,,,,,,
1,29,1929,https://en.wikipedia.org/wiki/All_Quiet_on_the_Western_Front,https://encrypted-tbn0.gstatic.com/images?q=tbn:ANd9GcTHxyBXaYRNfCd62Qt_lLr91RPCX_A6mRVXcw&s,5,0,19,0,0%,0%,1.1,200,,,,,,,
9,1,1929,https://en.wikipedia.org/wiki/Great_Depression,https://upload.wikimedia.org/wikipedia/commons/thumb/6/6c/Unemployed_men_queued_outside_a_depression_soup_kitchen_opened_in_Chicago_by_Al_Capone%2C_02-1931_-_NARA_-_541927.jpg/220px-Unemployed_men_queued_outside_a_depression_soup_kitchen_opened_in_Chicago_by_Al_Capone%2C_02-1931_-_NARA_-_541927.jpg,27,0,20,0,-10%,50%,1.7,22,,,,,,,
10,24,1929,https://www.britannica.com/event/Black-Thursday,https://encrypted-tbn0.gstatic.com/images?q=tbn:ANd9GcSqHFMfQxTwxNffvDanjQ3U3p5Nc4nkb8bYng&s,0,0,20,0,0%,0%,1.1,200,,,,,,,
10,29,1929,https://en.wikipedia.org/wiki/Wall_Street_Crash_of_1929,"https://m.media-amazon.com/images/I/51DNHRGWHFL._AC_UF350,350_QL50_.jpg",5,0,19,0,0%,0%,1.1,200,,,,,,,
3,4,1929,https://en.wikipedia.org/wiki/Herbert_Hoover,https://upload.wikimedia.org/wikipedia/commons/thumb/5/57/President_Hoover_portrait.jpg/220px-President_Hoover_portrait.jpg,5,0,19,0,0%,0%,1.1,200,,,,,,,
3,31,1942,https://en.wikipedia.org/wiki/Battle_of_Christmas_Island,https://upload.wikimedia.org/wikipedia/commons/thumb/d/dd/Japanese_Marines_in_Christmas_Island_1942.jpg/330px-Japanese_Marines_in_Christmas_Island_1942.jpg,5,0,19,0,0%,0%,1.1,200,,,,,,,
9,16,1930,https://en.wikipedia.org/wiki/Eugene_Meyer_(financier),https://upload.wikimedia.org/wikipedia/commons/thumb/0/0e/Portrait_of_Eugene_Meyer.jpg/220px-Portrait_of_Eugene_Meyer.jpg,5,0,19,0,0%,0%,1.1,200,,,,,,,
6,17,1930,https://en.wikipedia.org/wiki/Smoot%E2%80%93Hawley_Tariff_Act,https://upload.wikimedia.org/wikipedia/commons/thumb/d/dc/Smoot_and_Hawley_standing_together%2C_April_11%2C_1929.jpg/220px-Smoot_and_Hawley_standing_together%2C_April_11%2C_1929.jpg,5,0,19,0,0%,0%,1.1,200,,,,,,,
9,14,1930,https://en.wikipedia.org/wiki/1930_German_federal_election,https://upload.wikimedia.org/wikipedia/commons/thumb/5/50/1930_German_federal_election_-_Charts.svg/450px-1930_German_federal_election_-_Charts.svg.png,25,22,0,0,-10%,12%,1.9,200,,,,,,,
7,22,1932,https://en.wikipedia.org/wiki/Federal_Home_Loan_Banks,https://encrypted-tbn0.gstatic.com/images?q=tbn:ANd9GcS08gQUuiFJ2kZ6VukhBJ7vA613dVeNjHSBug&s,5,0,19,0,0%,0%,1.1,200,,,,,,,
7,28,1932,https://en.wikipedia.org/wiki/Bonus_Army,https://upload.wikimedia.org/wikipedia/commons/thumb/0/06/USA-Cinderella-Stamp-1932_Pay_the_Bonus.jpg/220px-USA-Cinderella-Stamp-1932_Pay_the_Bonus.jpg,5,0,19,0,0%,0%,1.1,200,,,,,,,
7,31,1932,https://en.wikipedia.org/wiki/July_1932_German_federal_election,https://upload.wikimedia.org/wikipedia/commons/thumb/b/bb/July_1932_German_federal_election_-_Charts.svg/450px-July_1932_German_federal_election_-_Charts.svg.png,25,22,0,0,-10%,12%,1.9,200,,,,,,,
11,6,1932,https://en.wikipedia.org/wiki/November_1932_German_federal_election,https://upload.wikimedia.org/wikipedia/commons/thumb/d/d4/November_1932_German_federal_election_-_Charts.svg/450px-November_1932_German_federal_election_-_Charts.svg.png,25,22,0,0,-10%,12%,1.9,200,,,,,,,
11,8,1932,https://en.wikipedia.org/wiki/1932_United_States_presidential_election,https://upload.wikimedia.org/wikipedia/commons/thumb/0/00/ElectoralCollege1932.svg/348px-ElectoralCollege1932.svg.png,0,0,0,0,-10%,1%,1.9,200,,,,,,,
5,19,1933,https://en.wikipedia.org/wiki/Eugene_Robert_Black,https://upload.wikimedia.org/wikipedia/commons/thumb/5/5c/Eugene_R_Black_1934_%28cropped%29.jpg/220px-Eugene_R_Black_1934_%28cropped%29.jpg,5,0,19,0,0%,0%,1.1,200,,,,,,,
1,30,1933,https://en.wikipedia.org/wiki/Nazi_Germany,https://upload.wikimedia.org/wikipedia/commons/thumb/d/d4/Flag_of_the_NSDAP_%281920%E2%80%931945%2C_1-1%29.svg/220px-Flag_of_the_NSDAP_%281920%E2%80%931945%2C_1-1%29.svg.png,5,0,19,0,0%,0%,1.1,200,,,,,,,
2,15,1933,https://en.wikipedia.org/wiki/Giuseppe_Zangara#Assassination_attempt,https://upload.wikimedia.org/wikipedia/commons/thumb/c/c1/Giuseppe_Zangara_mugshot.jpg/220px-Giuseppe_Zangara_mugshot.jpg,30,0,10,50,-10%,-50%,1.8,200,,,,,,,
2,27,1933,https://en.wikipedia.org/wiki/Reichstag_fire,https://upload.wikimedia.org/wikipedia/commons/thumb/2/20/Reichstagsbrand.jpg/240px-Reichstagsbrand.jpg,5,0,19,0,0%,0%,1.1,200,,,,,,,
2,28,1933,https://en.wikipedia.org/wiki/Reichstag_Fire_Decree,https://upload.wikimedia.org/wikipedia/commons/thumb/a/ac/Verboten_Zeitung_1933.jpg/250px-Verboten_Zeitung_1933.jpg,5,0,19,0,0%,0%,1.1,200,,,,,,,
3,9,1933,https://en.wikipedia.org/wiki/Emergency_Banking_Act_of_1933,https://encrypted-tbn0.gstatic.com/images?q=tbn:ANd9GcQTJgsnrtJGbWR8gn6g00ki7bwcukJXq7iGCg&s,5,0,40,0,23%,0%,1.1,200,,,,,,,
3,12,1933,https://en.wikipedia.org/wiki/Fireside_chats,https://www.familyhandyman.com/wp-content/uploads/2023/01/GettyImages-1355602771.jpg,5,0,19,0,0%,0%,1.1,200,,,,,,,
3,15,1933,https://en.wikipedia.org/wiki/List_of_largest_daily_changes_in_the_Dow_Jones_Industrial_Average,https://img.freepik.com/premium-psd/3d-arrow-increase-decrease-icon-illustration_148391-1914.jpg,0,0,19,0,0%,0%,1.1,200,,,,,,,
3,21,1933,https://www.history.com/this-day-in-history/fdr-legalizes-sale-of-beer-and-wine,https://upload.wikimedia.org/wikipedia/commons/thumb/7/78/GravityTap.jpg/220px-GravityTap.jpg,32,0,19,0,0%,0%,1.1,200,,,,,,,
3,5,1933,https://en.wikipedia.org/wiki/March_1933_German_federal_election,https://upload.wikimedia.org/wikipedia/commons/thumb/4/41/1933_German_federal_election_-_Charts.svg/450px-1933_German_federal_election_-_Charts.svg.png,25,22,0,0,-10%,12%,1.9,200,,,,,,,
3,22,1933,https://en.wikipedia.org/wiki/Dachau_concentration_camp,https://upload.wikimedia.org/wikipedia/commons/thumb/4/4f/KZDachau1945.jpg/225px-KZDachau1945.jpg,35,0,0,0,0%,0%,1.3,200,,,,,,,
3,23,1933,https://en.wikipedia.org/wiki/Enabling_Act_of_1933,https://upload.wikimedia.org/wikipedia/commons/thumb/4/41/Bundesarchiv_Bild_102-14439%2C_Rede_Adolf_Hitlers_zum_Erm%C3%A4chtigungsgesetz.jpg/250px-Bundesarchiv_Bild_102-14439%2C_Rede_Adolf_Hitlers_zum_Erm%C3%A4chtigungsgesetz.jpg,0,0,15,0,8%,0%,1.1,200,,,,,,,
3,31,1933,https://en.wikipedia.org/wiki/Gabriel_Over_the_White_House,https://m.media-amazon.com/images/M/MV5BYjQ4ZTAwZmEtZmM1Yi00N2Q5LWEzOWUtZTEwYjEwZGRmYzRjXkEyXkFqcGc@._V1_.jpg,5,0,19,0,0%,0%,1.1,200,,,,,,,
3,31,1933,https://en.wikipedia.org/wiki/Civilian_Conservation_Corps,https://upload.wikimedia.org/wikipedia/commons/thumb/b/b2/CCC-poster-1935.jpg/220px-CCC-poster-1935.jpg,0,0,60,0,-55%,0%,1.1,200,,,,,,,
4,5,1933,https://www.schiffgold.com/key-gold-news/june-5-1933-the-dollars-day-of-infamy,https://upload.wikimedia.org/wikipedia/commons/thumb/6/69/Gold_nugget_%28Australia%29_4_%2816848647509%29.jpg/150px-Gold_nugget_%28Australia%29_4_%2816848647509%29.jpg,15,15,19,15,-5%,0%,1.5,200,,,,,,,
5,6,1933,https://www.hmd.org.uk/resource/6-may-1933-looting-of-the-institute-of-sexology/,https://upload.wikimedia.org/wikipedia/commons/thumb/3/39/Bucherverbrennung-book-burning-Nazi-1933-Institute.jpg/220px-Bucherverbrennung-book-burning-Nazi-1933-Institute.jpg,5,0,19,0,0%,0%,1.1,200,,,,,,,
5,12,1933,https://en.wikipedia.org/wiki/Agricultural_Adjustment_Act,https://upload.wikimedia.org/wikipedia/commons/thumb/c/cc/Grant_Wood_-_American_Gothic_-_Google_Art_Project.jpg/300px-Grant_Wood_-_American_Gothic_-_Google_Art_Project.jpg,5,0,19,0,0%,0%,1.1,200,,,,,,,
5,18,1933,https://en.wikipedia.org/wiki/Tennessee_Valley_Authority,https://upload.wikimedia.org/wikipedia/commons/thumb/f/f4/US-TennesseeValleyAuthority-Logo.svg/140px-US-TennesseeValleyAuthority-Logo.svg.png,0,0,25,10,0%,0%,1.3,200,,,,,,,
5,27,1933,https://en.wikipedia.org/wiki/Securities_Act_of_1933,https://upload.wikimedia.org/wikipedia/commons/thumb/d/d7/Philippine-stock-market-board.jpg/200px-Philippine-stock-market-board.jpg,0,0,25,10,0%,0%,1.3,200,,,,,,,
6,5,1933,https://www.schiffgold.com/key-gold-news/june-5-1933-the-dollars-day-of-infamy,https://upload.wikimedia.org/wikipedia/commons/thumb/6/69/Gold_nugget_%28Australia%29_4_%2816848647509%29.jpg/150px-Gold_nugget_%28Australia%29_4_%2816848647509%29.jpg,15,15,19,15,-5%,0%,1.5,200,,,,,,,
6,16,1933,https://en.wikipedia.org/wiki/1933_Banking_Act,https://slideplayer.com/slide/256585/1/images/2/Emergency+Banking+Act+of+1933.jpg,5,0,19,0,0%,0%,1.1,200,,,,,,,
3,4,1933,https://en.wikipedia.org/wiki/Franklin_D._Roosevelt,https://upload.wikimedia.org/wikipedia/commons/thumb/6/6f/FDR-1944-Campaign-Portrait_%28cropped%29.jpg/220px-FDR-1944-Campaign-Portrait_%28cropped%29.jpg,5,0,19,0,0%,0%,1.1,200,,,,,,,
7,20,1933,https://en.wikipedia.org/wiki/Reichskonkordat,https://upload.wikimedia.org/wikipedia/commons/thumb/c/c6/Bundesarchiv_Bild_183-R24391%2C_Konkordatsunterzeichnung_in_Rom.jpg/300px-Bundesarchiv_Bild_183-R24391%2C_Konkordatsunterzeichnung_in_Rom.jpg,13,10,25,35,-8%,-24%,2,200,,,,,,,
11,15,1934,https://en.wikipedia.org/wiki/Marriner_S._Eccles,https://upload.wikimedia.org/wikipedia/commons/thumb/9/9c/Marriner_Eccles_1939_%28cropped%29.jpg/220px-Marriner_Eccles_1939_%28cropped%29.jpg,5,0,19,0,0%,0%,1.1,200,,,,,,,
6,6,1934,https://en.wikipedia.org/wiki/Securities_Exchange_Act_of_1934,https://upload.wikimedia.org/wikipedia/commons/1/1c/Seal_of_the_United_States_Securities_and_Exchange_Commission.svg,5,0,0,0,0%,0%,1,200,,,,,,,
8,2,1934,https://en.wikipedia.org/wiki/Paul_von_Hindenburg#Death,https://secure-images.rarenewspapers.com/ebayimgs/11.72.2015/image044.jpg,5,0,20,0,0%,0%,1.1,200,,,,,,,
8,19,1934,https://en.wikipedia.org/wiki/1934_German_head_of_state_referendum,https://upload.wikimedia.org/wikipedia/commons/thumb/6/6b/Map_1934_Germany_referendum_results.svg/450px-Map_1934_Germany_referendum_results.svg.png,25,22,0,0,-10%,12%,1.8,200,,,,,,,
3,16,1935,"https://www.cfr.org/video/lessons-learned-hitlers-rearmament-germany#:~:text=On%20March%2016%2C%201935%2C%20Adolf,than%20half%20a%20million%20men.",https://voxeurop.eu/wp-content/uploads/2020/04/Papavassiliou-aube-doree-490.jpg,5,0,19,0,-10%,0%,1.1,200,,,,,,,
3,28,1935,https://en.wikipedia.org/wiki/Triumph_of_the_Will,https://upload.wikimedia.org/wikipedia/commons/thumb/1/1a/Triumph_des_Willens_poster.jpg/220px-Triumph_des_Willens_poster.jpg,13,0,25,0,0%,0%,1.4,200,,,,,,,
5,6,1935,https://en.wikipedia.org/wiki/Works_Progress_Administration,https://upload.wikimedia.org/wikipedia/commons/thumb/a/ac/WPA-USA-sign.svg/220px-WPA-USA-sign.svg.png,5,0,19,0,0%,0%,1.1,200,,,,,,,
7,6,1935,https://en.wikipedia.org/wiki/National_Labor_Relations_Act_of_1935,https://www.nlrb.gov/themes/custom/nlrb/assets/img/nlrb-logo.png,0,0,0,0,-10%,0%,1,200,,,,,,,
8,14,1935,https://en.wikipedia.org/wiki/Social_Security_Act,https://yt3.googleusercontent.com/ytc/AIdro_m_1QJHEYAWq0nBbzAAKeW2rQNefH97DPVranSckWd777Q=s900-c-k-c0x00ffffff-no-rj,0,0,0,0,0%,0%,1,200,,,,,,,
8,19,1935,https://en.wikipedia.org/wiki/Banking_Act_of_1935,"https://m.media-amazon.com/images/I/61cNt+7aVgL._AC_UF1000,1000_QL80_.jpg",7,14,37,14,15%,0%,1.5,200,,,,,,,
9,15,1935,https://en.wikipedia.org/wiki/Nuremberg_Laws,https://upload.wikimedia.org/wikipedia/commons/thumb/3/30/RGBL_I_1935_S_1145.jpg/260px-RGBL_I_1935_S_1145.jpg,5,0,19,0,0%,0%,1.2,200,,,,,,,
11,8,1935,https://en.wikipedia.org/wiki/Assassination_of_Huey_Long,https://static.simpsonswiki.com/images/thumb/8/87/Huey_Long.png/250px-Huey_Long.png,5,0,37,0,15%,0%,1.5,200,,,,,,,
1,20,1936,https://en.wikipedia.org/wiki/Edward_VIII,https://upload.wikimedia.org/wikipedia/commons/thumb/a/a3/HRH_The_Prince_of_Wales_No_4_%28HS85-10-36416%29.jpg/220px-HRH_The_Prince_of_Wales_No_4_%28HS85-10-36416%29.jpg,5,0,19,0,0%,0%,1.1,200,,,,,,,
3,7,1936,https://en.wikipedia.org/wiki/Remilitarisation_of_the_Rhineland,https://ichef.bbci.co.uk/images/ic/640x360/p011zkbp.jpg,30,20,19,30,-10%,-10%,2.1,200,,,,,,,
12,11,1936,https://en.wikipedia.org/wiki/George_VI,https://upload.wikimedia.org/wikipedia/commons/thumb/2/25/King_George_VI_LOC_matpc.14736_%28cleaned%29.jpg/220px-King_George_VI_LOC_matpc.14736_%28cleaned%29.jpg,5,0,19,0,0%,0%,1.1,200,,,,,,,
11,3,1936,https://en.wikipedia.org/wiki/1936_United_States_presidential_election,https://upload.wikimedia.org/wikipedia/commons/thumb/5/50/ElectoralCollege1936.svg/348px-ElectoralCollege1936.svg.png,0,0,0,0,-10%,1%,1.9,200,,,,,,,
5,28,1937,https://en.wikipedia.org/wiki/Neville_Chamberlain,https://upload.wikimedia.org/wikipedia/commons/thumb/d/de/Neville-Chamberlain.jpg/330px-Neville-Chamberlain.jpg,5,0,19,0,0%,0%,1.1,200,,,,,,,
5,6,1937,https://en.wikipedia.org/wiki/Hindenburg_disaster,https://upload.wikimedia.org/wikipedia/commons/thumb/1/1c/Hindenburg_disaster.jpg/250px-Hindenburg_disaster.jpg,5,0,19,0,0%,0%,1.1,200,,,,,,,
3,8,1938,https://www.historynewsnetwork.org/article/when-hitler-met-hoover,https://smartcdn.gprod.postmedia.digital/nationalpost/wp-content/uploads/2018/06/hitler44444.jpg?quality=90&strip=all&w=564&h=423&type=webp&sig=f3hQd00hkgQ1LSuaJfrDOw,27,0,14,0,-10%,50%,1.7,22,,,,,,,
3,13,1938,https://en.wikipedia.org/wiki/Anschluss,https://upload.wikimedia.org/wikipedia/commons/thumb/d/d9/State_of_Austria_within_Germany_1938.png/170px-State_of_Austria_within_Germany_1938.png,5,0,19,0,0%,0%,1.1,200,,,,,,,
4,18,1938,https://en.wikipedia.org/wiki/Action_Comics_1,https://encrypted-tbn0.gstatic.com/images?q=tbn:ANd9GcT9Nah-sb4gv1rLqKeJC6rYzNV_HxMT1m3FFA&s,15,0,28,0,-28%,0%,0.7,200,,,,,,,
6,21,1938,https://en.wikipedia.org/wiki/Natural_Gas_Act_of_1938,https://upload.wikimedia.org/wikipedia/commons/thumb/1/1f/Methane-CRC-MW-3D-balls.png/110px-Methane-CRC-MW-3D-balls.png,5,0,19,0,0%,0%,1.1,200,,,,,,,
6,25,1938,https://en.wikipedia.org/wiki/Fair_Labor_Standards_Act_of_1938,https://www.zausmer.com/wp-content/uploads/2017/09/flsa-thegem-blog-timeline-large.jpg,27,25,19,20,-10%,0%,1.8,200,,,,,,,
9,30,1938,https://en.wikipedia.org/wiki/Munich_Agreement,https://upload.wikimedia.org/wikipedia/commons/thumb/5/5b/Bundesarchiv_Bild_146-1976-063-32%2C_Bad_Godesberg%2C_M%C3%BCnchener_Abkommen%2C_Vorbereitung.jpg/220px-Bundesarchiv_Bild_146-1976-063-32%2C_Bad_Godesberg%2C_M%C3%BCnchener_Abkommen%2C_Vorbereitung.jpg,5,0,19,0,0%,0%,1.1,200,,,,,,,
11,9,1938,https://en.wikipedia.org/wiki/Kristallnacht,https://upload.wikimedia.org/wikipedia/commons/thumb/a/a1/Interior_view_of_the_destroyed_Fasanenstrasse_Synagogue%2C_Berlin.jpg/330px-Interior_view_of_the_destroyed_Fasanenstrasse_Synagogue%2C_Berlin.jpg,27,0,14,0,-10%,50%,1.7,22,,,,,,,
12,4,1938,https://en.wikipedia.org/wiki/Discovery_of_nuclear_fission,https://upload.wikimedia.org/wikipedia/commons/thumb/a/a8/Nuclear_fission_reaction.svg/300px-Nuclear_fission_reaction.svg.png,27,0,14,0,-10%,50%,1.7,22,,,,,,,
11,8,1939,https://en.wikipedia.org/wiki/Georg_Elser#Bombing,https://upload.wikimedia.org/wikipedia/commons/thumb/7/76/Bundesarchiv_Bild_183-E12329%2C_M%C3%BCnchen%2C_B%C3%BCrgerbr%C3%A4ukeller%2C_Sprengstoffanschlag.jpg/500px-Bundesarchiv_Bild_183-E12329%2C_M%C3%BCnchen%2C_B%C3%BCrgerbr%C3%A4ukeller%2C_Sprengstoffanschlag.jpg,22,20,30,20,0%,0%,1.8,200,,,,,,,
3,30,1939,https://www.history.com/this-day-in-history/batman-comic-debuts-1939,https://www.kroger.com/product/images/large/front/0078790752099,15,0,28,0,-30%,0%,0.7,200,,,,,,,
3,31,1939,"https://en.wikipedia.org/wiki/Anglo-Polish_alliance#:~:text=The%20military%20alliance%20between%20the,specified%20in%20a%20secret%20protocol.",https://encrypted-tbn0.gstatic.com/images?q=tbn:ANd9GcR0WzYrWIMRe_gorqsa4mBqv_gXQpVLs_KzGA&s,5,0,35,0,-30%,0%,1.1,200,,,,,,,
3,2,1939,https://en.wikipedia.org/wiki/Pope_Pius_XII,https://upload.wikimedia.org/wikipedia/commons/thumb/5/50/Pius_XII_with_tabard%2C_by_Michael_Pitcairn%2C_1951_%28retouched%29.jpg/220px-Pius_XII_with_tabard%2C_by_Michael_Pitcairn%2C_1951_%28retouched%29.jpg,5,0,19,0,0%,0%,1.1,200,,,,,,,
3,15,1939,https://en.wikipedia.org/wiki/Occupation_of_Czechoslovakia_(1938%E2%80%931945),https://upload.wikimedia.org/wikipedia/commons/thumb/d/db/Lesser_coat_of_arms_of_Czechoslovakia.svg/80px-Lesser_coat_of_arms_of_Czechoslovakia.svg.png,5,0,0,0,0%,0%,1,200,,,,,,,
8,2,1939,https://en.wikipedia.org/wiki/Einstein%E2%80%93Szilard_letter,https://ahf.nuclearmuseum.org/wp-content/uploads/2014/06/1-Einstein%20and%20Szilard%20letter%20to%20Roosevelt%20Getty%20Images%20NNSA.jpg,0,0,0,0,0%,0%,1,200,,,,,,,
8,3,1939,https://en.wikipedia.org/wiki/Trust_Indenture_Act_of_1939,https://www.investopedia.com/thmb/86XPCszR8tnOzVwJNsVsDlWK3lc=/1500x0/filters:no_upscale():max_bytes(150000):strip_icc()/FOUNTAINPEN-c2cf86af8bee41aa968cd8504fe0badb.jpg,0,0,0,0,0%,0%,1,200,,,,,,,
8,23,1939,https://en.wikipedia.org/wiki/Molotov%E2%80%93Ribbentrop_Pact,https://upload.wikimedia.org/wikipedia/commons/thumb/3/38/Bundesarchiv_Bild_183-H27337%2C_Moskau%2C_Stalin_und_Ribbentrop_im_Kreml.jpg/200px-Bundesarchiv_Bild_183-H27337%2C_Moskau%2C_Stalin_und_Ribbentrop_im_Kreml.jpg,5,0,19,0,0%,0%,1.1,200,,,,,,,
8,29,1939,https://en.wikipedia.org/wiki/1939_German_ultimatum_to_Poland,https://upload.wikimedia.org/wikipedia/commons/thumb/b/b0/Polish_Corridor.PNG/450px-Polish_Corridor.PNG,22,20,30,20,0%,0%,1.8,200,,,,,,,
9,1,1939,https://www.history.com/this-day-in-history/germany-invades-poland,https://candcofwwii.weebly.com/uploads/2/3/5/4/23544770/header_images/1379725208.jpg,27,0,37,0,0%,50%,2.15,22,,,,,,,
9,3,1939,https://www.history.com/this-day-in-history/britain-and-france-declare-war-on-germany,https://www.briefingsforbritain.co.uk/wp-content/uploads/2018/06/brittain-and-france.jpg,5,0,19,0,0%,0%,1.1,200,,,,,,,
12,15,1939,https://en.wikipedia.org/wiki/Gone_with_the_Wind_(film),https://upload.wikimedia.org/wikipedia/commons/thumb/2/27/Poster_-_Gone_With_the_Wind_01.jpg/220px-Poster_-_Gone_With_the_Wind_01.jpg,5,0,19,0,0%,0%,1.1,200,,,,,,,
8,10,1939,https://en.wikipedia.org/wiki/The_Wizard_of_Oz,https://upload.wikimedia.org/wikipedia/commons/thumb/6/69/Wizard_of_oz_movie_poster.jpg/220px-Wizard_of_oz_movie_poster.jpg,5,0,19,0,0%,0%,1.1,200,,,,,,,
11,5,1940,https://en.wikipedia.org/wiki/1940_United_States_presidential_election,https://upload.wikimedia.org/wikipedia/commons/thumb/4/49/ElectoralCollege1940.svg/348px-ElectoralCollege1940.svg.png,0,0,0,0,-10%,1%,1.9,200,,,,,,,
2,4,1940,https://en.wikipedia.org/wiki/Nikolai_Yezhov#Execution,https://encrypted-tbn0.gstatic.com/images?q=tbn:ANd9GcSyQQX_IuRKJE0ENExaT94v7oewYK9ewScrpA&s,5,0,19,0,0%,0%,1.1,200,,,,,,,
4,1,1940,https://en.wikipedia.org/wiki/Katyn_massacre,https://upload.wikimedia.org/wikipedia/commons/thumb/9/9a/Katyn_Massacre_-_Mass_Graves_2.jpg/220px-Katyn_Massacre_-_Mass_Graves_2.jpg,5,0,19,0,0%,0%,1.1,200,,,,,,,
4,9,1940,https://en.wikipedia.org/wiki/German_invasion_of_Denmark_(1940),https://upload.wikimedia.org/wikipedia/commons/thumb/8/81/German_invasion_of_Denmark_%281940%29.svg/300px-German_invasion_of_Denmark_%281940%29.svg.png,5,0,19,0,0%,0%,1.1,200,,,,,,,
5,10,1940,https://en.wikipedia.org/wiki/Winston_Churchill,https://upload.wikimedia.org/wikipedia/commons/thumb/b/bc/Sir_Winston_Churchill_-_19086236948.jpg/220px-Sir_Winston_Churchill_-_19086236948.jpg,5,5,19,0,0%,0%,1.1,200,,,,,,,
6,10,1940,https://en.wikipedia.org/wiki/Military_history_of_Italy_during_World_War_II,https://upload.wikimedia.org/wikipedia/commons/thumb/0/0d/Flag_of_Italy_%281861-1946%29_crowned.svg/125px-Flag_of_Italy_%281861-1946%29_crowned.svg.png,8,0,24,0,-35%,0%,0.8,200,,,,,,,
6,23,1940,https://www.history.com/this-day-in-history/hitler-takes-a-tour-of-paris,https://media.iwm.org.uk/ciim5/36/50/large_000000.jpg,5,0,19,0,0%,-5%,1.1,200,,,,,,,
7,22,1940,https://en.wikipedia.org/wiki/Hideki_Tojo,https://upload.wikimedia.org/wikipedia/commons/thumb/9/96/Hideki_Tojo_2_%28cropped%29.jpg/220px-Hideki_Tojo_2_%28cropped%29.jpg,5,0,19,0,0%,0%,1.1,200,,,,,,,
8,20,1940,https://en.wikipedia.org/wiki/Leon_Trotsky#Assassination,https://upload.wikimedia.org/wikipedia/commons/thumb/d/d0/Bundesarchiv_Bild_183-R15068%2C_Leo_Dawidowitsch_Trotzki.jpg/220px-Bundesarchiv_Bild_183-R15068%2C_Leo_Dawidowitsch_Trotzki.jpg,5,0,19,0,0%,0%,1.1,200,,,,,,,
8,22,1940,https://en.wikipedia.org/wiki/Investment_Company_Act_of_1940,https://capitalresources.com/wp-content/uploads/2022/11/FA-Logo-v2.png,17,15,35,15,0%,0%,1.5,200,,,,,,,
10,15,1940,https://en.wikipedia.org/wiki/The_Great_Dictator,https://upload.wikimedia.org/wikipedia/commons/thumb/9/9d/The_Great_Dictator_%281940%29_poster.jpg/220px-The_Great_Dictator_%281940%29_poster.jpg,5,0,19,0,0%,0%,1.1,200,,,,,,,
9,22,1940,"https://encyclopedia.ushmm.org/content/en/article/axis-powers-in-world-war-ii#:~:text=On%20September%2027%2C%201940%2C%20Germany,to%20as%20the%20Axis%20powers.",https://upload.wikimedia.org/wikipedia/commons/thumb/4/4f/Naval_Ensign_of_Japan.svg/220px-Naval_Ensign_of_Japan.svg.png,5,0,19,0,0%,0%,1.1,200,,,,,,,
11,20,1940,https://en.wikipedia.org/wiki/Hungary_in_World_War_II,https://upload.wikimedia.org/wikipedia/commons/thumb/0/02/Coat_of_arms_of_Hungary_%281915-1918%2C_1919-1946%3B_angels%29.svg/110px-Coat_of_arms_of_Hungary_%281915-1918%2C_1919-1946%3B_angels%29.svg.png,5,0,0,0,0%,0%,1,200,,,,,,,
3,1,1941,https://en.wikipedia.org/wiki/Bulgaria_during_World_War_II,https://upload.wikimedia.org/wikipedia/commons/thumb/9/9a/Flag_of_Bulgaria.svg/125px-Flag_of_Bulgaria.svg.png,5,0,0,0,0%,0%,1,200,,,,,,,
4,13,1941,https://en.wikipedia.org/wiki/Soviet%E2%80%93Japanese_Neutrality_Pact,https://upload.wikimedia.org/wikipedia/commons/thumb/1/1c/Matsuoka_signs_the_Soviet%E2%80%93Japanese_Neutrality_Pact-1.jpg/200px-Matsuoka_signs_the_Soviet%E2%80%93Japanese_Neutrality_Pact-1.jpg,22,20,30,20,0%,0%,1.8,200,,,,,,,
6,22,1941,https://en.wikipedia.org/wiki/Operation_Barbarossa,https://qph.cf2.quoracdn.net/main-qimg-99efb42ec55bbdb3ccecb814fe5bbcc7-lq,5,12,0,12,-8%,0%,1.5,200,,,,,,,
6,28,1942,https://en.wikipedia.org/wiki/Order_No._227,https://upload.wikimedia.org/wikipedia/commons/thumb/1/18/Voennaia_marka_Ni_shagu_nazad%21.jpg/330px-Voennaia_marka_Ni_shagu_nazad%21.jpg,22,20,30,20,0%,0%,1.8,200,,,,,,,
7,2,1941,https://en.wikipedia.org/wiki/Sergeant_York_(film),https://upload.wikimedia.org/wikipedia/commons/thumb/5/56/Sergeant_York_%281941_poster%29.jpg/330px-Sergeant_York_%281941_poster%29.jpg,30,0,0,0,-26%,0%,1.2,200,,,,,,,
9,5,1941,https://en.wikipedia.org/wiki/Citizen_Kane,https://upload.wikimedia.org/wikipedia/commons/thumb/3/34/Citizen-Kane-Welles-Podium.jpg/220px-Citizen-Kane-Welles-Podium.jpg,5,0,19,0,0%,0%,1.1,200,,,,,,,
10,21,1941,https://comicsarcheology.com/index.php/2024/09/11/all-star-comics-8/,https://cdn.freebiesupply.com/logos/large/2x/wonder-woman-logo-png-transparent.png,15,0,28,0,-20%,0%,1,200,,,,,,,
12,7,1941,https://en.wikipedia.org/wiki/Attack_on_Pearl_Harbor,https://upload.wikimedia.org/wikipedia/commons/thumb/0/09/The_USS_Arizona_%28BB-39%29_burning_after_the_Japanese_attack_on_Pearl_Harbor_-_NARA_195617_-_Edit.jpg/202px-The_USS_Arizona_%28BB-39%29_burning_after_the_Japanese_attack_on_Pearl_Harbor_-_NARA_195617_-_Edit.jpg,5,12,0,12,-8%,0%,1.5,200,,,,,,,
12,8,1941,https://en.wikipedia.org/wiki/United_States_declaration_of_war_on_Japan,https://upload.wikimedia.org/wikipedia/commons/thumb/a/a9/Flag_of_the_United_States_%28DoS_ECA_Color_Standard%29.svg/125px-Flag_of_the_United_States_%28DoS_ECA_Color_Standard%29.svg.png,5,12,0,12,-8%,22%,2.1,200,,,,,,,
1,20,1942,https://en.wikipedia.org/wiki/Wannsee_Conference,https://upload.wikimedia.org/wikipedia/commons/thumb/7/7f/Haus_der_Wannsee-Konferenz_02-2014.jpg/300px-Haus_der_Wannsee-Konferenz_02-2014.jpg,5,22,0,22,-8%,0%,2,200,,,,,,,
2,19,1942,https://en.wikipedia.org/wiki/Executive_Order_9066,https://upload.wikimedia.org/wikipedia/commons/thumb/4/43/Posted_Japanese_American_Exclusion_Order.jpg/220px-Posted_Japanese_American_Exclusion_Order.jpg,5,12,50,12,-12%,0%,1.5,201,,,,,,,
2,19,1942,https://en.wikipedia.org/wiki/Bombing_of_Darwin,https://upload.wikimedia.org/wikipedia/commons/thumb/a/a2/Darwin_42.jpg/300px-Darwin_42.jpg,0,12,43,12,-80%,0%,1.5,200,,,,,,,
2,7,1942,https://en.wikipedia.org/wiki/Double_V_campaign,https://encrypted-tbn0.gstatic.com/images?q=tbn:ANd9GcRsKS7ah4UkeyIekFtU-PsZB7ifupPV0Z61fZhq6dUYV6NC-jKj&s,20,12,20,12,-8%,0%,1.5,200,,,,,,,
4,18,1942,https://en.wikipedia.org/wiki/Doolittle_Raid,https://d28hgpri8am2if.cloudfront.net/book_images/cvr9780743474337_9780743474337_hr.jpg,10,12,33,12,10%,0%,1.5,200,,,,,,,
11,26,1942,https://en.wikipedia.org/wiki/Casablanca_(film),https://upload.wikimedia.org/wikipedia/commons/thumb/b/b3/CasablancaPoster-Gold.jpg/220px-CasablancaPoster-Gold.jpg,5,0,19,0,0%,0%,1.1,200,,,,,,,
12,2,1942,https://en.wikipedia.org/wiki/Chicago_Pile-1,https://upload.wikimedia.org/wikipedia/commons/thumb/f/fe/Stagg_Field_reactor.jpg/220px-Stagg_Field_reactor.jpg,22,20,30,20,0%,0%,1.8,200,,,,,,,
4,18,1943,https://en.wikipedia.org/wiki/Operation_Vengeance,https://upload.wikimedia.org/wikipedia/commons/7/79/Portrait_of_Yamamoto_Isoroku.jpg,5,0,19,0,0%,0%,1.1,200,,,,,,,
7,25,1943,https://en.wikipedia.org/wiki/Fall_of_the_Fascist_regime_in_Italy,https://upload.wikimedia.org/wikipedia/commons/thumb/9/9a/Flag_of_the_Arditi_del_Popolo_Battalion.svg/200px-Flag_of_the_Arditi_del_Popolo_Battalion.svg.png,5,0,19,0,0%,0%,1.1,200,,,,,,,
9,3,1943,https://en.wikipedia.org/wiki/Armistice_of_Cassibile,https://upload.wikimedia.org/wikipedia/commons/thumb/4/45/General_Castellano_signs_the_armistice_on_behalf_of_Badoglio.jpg/180px-General_Castellano_signs_the_armistice_on_behalf_of_Badoglio.jpg,5,0,19,0,0%,0%,1.1,200,,,,,,,
7,1,1944,https://en.wikipedia.org/wiki/International_Monetary_Fund,https://upload.wikimedia.org/wikipedia/commons/thumb/3/3e/IMF-Seal_ENG_RGB.svg/220px-IMF-Seal_ENG_RGB.svg.png,5,0,19,0,-5%,0%,1.2,200,,,,,,,
7,4,1944,https://en.wikipedia.org/wiki/World_Bank_Group,https://upload.wikimedia.org/wikipedia/commons/thumb/8/86/World_Bank_logo.svg/120px-World_Bank_logo.svg.png,5,0,19,0,0%,0%,1.1,200,,,,,,,
12,22,1944,https://en.wikipedia.org/wiki/Anthony_McAuliffe#%22NUTS!%22,"https://image.spreadshirtmedia.com/image-server/v1/compositions/T23A1PA3989PT17X16Y29D1015793614W27939H19558/views/1,width=550,height=550,appearanceId=1,backgroundColor=FFFFFF,noPt=true/nuts-by-general-mcauliffe-black-mens-longsleeve-shirt.jpg",0,0,0,0,-10%,1%,1.2,200,,,,,,,
11,7,1944,https://en.wikipedia.org/wiki/1944_United_States_presidential_election,https://upload.wikimedia.org/wikipedia/commons/thumb/2/29/ElectoralCollege1944.svg/348px-ElectoralCollege1944.svg.png,0,0,0,0,-10%,1%,1.9,200,,,,,,,
6,4,1944,https://www.liberationroute.com/pois/338/liberation-of-rome,https://www.forcesnews.com/sites/default/files/Image-ID-HN2N0E-BBC-war-correspondent-Godfrey-Talbot-recordsw-crowd-noise-in-liberated-Rome-on-5-June-1944-CREDIT-Photo-12-Alamy-Stock-Photo-EXP-231124.jpg,0,0,19,0,0%,0%,1.1,200,,,,,,,
6,6,1944,https://en.wikipedia.org/wiki/Normandy_landings,https://upload.wikimedia.org/wikipedia/commons/thumb/a/a5/Into_the_Jaws_of_Death_23-0455M_edit.jpg/300px-Into_the_Jaws_of_Death_23-0455M_edit.jpg,25,20,25,18,-8%,0%,1.7,22,,,,,,,
6,20,1944,https://en.wikipedia.org/wiki/Battle_of_the_Philippine_Sea,https://upload.wikimedia.org/wikipedia/commons/thumb/6/6d/Albacore-ii.jpg/220px-Albacore-ii.jpg,0,18,0,15,-10%,-50%,3.3,22,,,,,,,
7,20,1944,https://en.wikipedia.org/wiki/20_July_plot,https://i.pinimg.com/236x/5f/69/e9/5f69e9b84d7932d78e0234a1d5437136.jpg,5,0,15,0,0%,0%,1.1,200,,,,,,,
8,1,1944,https://en.wikipedia.org/wiki/Warsaw_Uprising,https://upload.wikimedia.org/wikipedia/commons/thumb/4/44/Flaga_PPP.svg/390px-Flaga_PPP.svg.png,0,20,30,20,-9%,0%,1.8,200,,,,,,,
11,22,1944,https://en.wikipedia.org/wiki/Henry_V_(1944_film),https://cdn11.bigcommerce.com/s-yzgoj/images/stencil/1280x1280/products/1020702/4225647/apier3ku4__80315.1626626899.jpg?c=2,5,0,19,0,0%,0%,1.1,200,,,,,,,
8,4,1944,https://en.wikipedia.org/wiki/Anne_Frank#Arrest,https://upload.wikimedia.org/wikipedia/commons/thumb/7/75/Anne_Frank_passport_photo%2C_May_1942.jpg/220px-Anne_Frank_passport_photo%2C_May_1942.jpg,5,0,15,0,0%,0%,1.1,200,,,,,,,
8,26,1944,https://en.wikipedia.org/wiki/Liberation_of_Paris,https://upload.wikimedia.org/wikipedia/commons/thumb/7/78/Crowds_of_French_patriots_line_the_Champs_Elysees-edit2.jpg/300px-Crowds_of_French_patriots_line_the_Champs_Elysees-edit2.jpg,24,20,22,18,-8%,0%,1.7,22,,,,,,,
4,30,1945,https://en.wikipedia.org/wiki/Death_of_Adolf_Hitler,https://content.time.com/time/magazine/archive/covers/1945/1101450507_400.jpg,27,10,14,10,-15%,0%,1.35,22,,,,,,,
5,7,1945,https://en.wikipedia.org/wiki/German_Instrument_of_Surrender#Preliminary_surrender_document_in_Reims,"https://m.media-amazon.com/images/I/41eCBF0D5WL._AC_UF894,1000_QL80_.jpg",0,0,0,0,-15%,0%,1.1,20,,,,,,,
2,23,1945,https://en.wikipedia.org/wiki/Raising_the_Flag_on_Iwo_Jima,https://upload.wikimedia.org/wikipedia/commons/b/b0/Raising_the_Flag_on_Iwo_Jima%2C_larger_-_edit1.jpg,30,20,0,20,-15%,0%,1.7,200,,,,,,,
8,6,1945,https://en.wikipedia.org/wiki/Atomic_bombings_of_Hiroshima_and_Nagasaki#Hiroshima,https://upload.wikimedia.org/wikipedia/commons/thumb/5/54/Atomic_bombing_of_Japan.jpg/300px-Atomic_bombing_of_Japan.jpg,30,50,0,0,-10%,50%,2,200,,,,,,,
8,9,1945,https://en.wikipedia.org/wiki/Atomic_bombings_of_Hiroshima_and_Nagasaki#Nagasaki,https://upload.wikimedia.org/wikipedia/commons/thumb/5/54/Atomic_bombing_of_Japan.jpg/300px-Atomic_bombing_of_Japan.jpg,30,0,0,50,-10%,-50%,2,200,,,,,,,
7,16,1945,https://en.wikipedia.org/wiki/Trinity_(nuclear_test),https://wordpress.wbur.org/wp-content/uploads/2018/07/0716_trinity-1000x699.jpg,22,20,30,20,0%,0%,1.8,200,,,,,,,
7,5,1945,https://en.wikipedia.org/wiki/1945_United_Kingdom_general_election,https://upload.wikimedia.org/wikipedia/commons/thumb/e/e6/Person_attlee2.jpg/220px-Person_attlee2.jpg,22,20,30,20,0%,0%,1.8,200,,,,,,,
7,3,1945,https://en.wikipedia.org/wiki/James_F._Byrnes#Secretary_of_State,https://upload.wikimedia.org/wikipedia/commons/thumb/0/09/James_F._Byrnes_cph.3c32232.jpg/220px-James_F._Byrnes_cph.3c32232.jpg,22,20,30,20,0%,0%,1.8,200,,,,,,,
5,5,1945,https://en.wikipedia.org/wiki/Battle_of_Castle_Itter,https://upload.wikimedia.org/wikipedia/commons/thumb/e/e1/Schloss_Itter_in_1979.jpg/300px-Schloss_Itter_in_1979.jpg,22,20,30,20,0%,0%,1.8,200,,,,,,,
8,8,1945,https://en.wikipedia.org/wiki/Soviet_invasion_of_Manchuria,https://i.redd.it/az1td1biutc01.jpg,10,23,32,23,0%,0%,2,200,,,,,,,
8,10,1945,https://www.theatlantic.com/international/archive/2015/08/emperor-hirohito-surrender-japan-hiroshima/400328/,https://www.historytoday.com/sites/default/files/hirohito.jpg,0,32,57,12,50%,20%,2,200,,,,,,,
8,15,1945,https://en.wikipedia.org/wiki/Surrender_of_Japan#Surrender,https://as1.ftcdn.net/v2/jpg/01/63/44/22/1000_F_163442271_oFv2C3LTyHPiCBZdgFuVBbtGPqE2FVUt.jpg,25,20,20,12,-10%,1%,1.7,200,,,,,,,
4,28,1945,https://en.wikipedia.org/wiki/Death_of_Benito_Mussolini,https://www.sandiegouniontribune.com/wp-content/uploads/migration/2011/12/13/00000169-0cec-dbbe-a16f-4eec557c0000.jpg?w=535,25,18,20,18,-10%,1%,1.7,200,,,,,,,
1,27,1945,https://en.wikipedia.org/wiki/Liberation_of_Auschwitz_concentration_camp,https://encrypted-tbn0.gstatic.com/images?q=tbn:ANd9GcT5-Vo-qBnNjKhbT0nGpAo3UPRYF_3k9pFxSQ&s,0,22,0,20,-10%,1%,1.9,200,,,,,,,
10,24,1945,https://en.wikipedia.org/wiki/United_Nations,https://upload.wikimedia.org/wikipedia/commons/thumb/e/ee/UN_emblem_blue.svg/85px-UN_emblem_blue.svg.png,0,0,0,0,0%,1%,1,200,,,,,,,
4,12,1945,https://en.wikipedia.org/wiki/Harry_S._Truman,https://upload.wikimedia.org/wikipedia/commons/thumb/0/0b/TRUMAN_58-766-06_%28cropped%29.jpg/220px-TRUMAN_58-766-06_%28cropped%29.jpg,5,0,19,0,0%,0%,1.1,200,,,,,,,
4,17,1946,https://en.wikipedia.org/wiki/Levant_Crisis#Aftermath,https://cdn.vectorstock.com/i/500p/97/90/lebanon-and-syrian-revolution-grunge-flags-vector-54619790.jpg,5,0,19,0,-10%,0%,2.3,200,,,,,,,
3,5,1946,https://winstonchurchill.org/resources/speeches/1946-1963-elder-statesman/the-sinews-of-peace/,https://c8.alamy.com/comp/2GGNEYE/the-iron-curtain-museum-private-collection-author-glan-williams-2GGNEYE.jpg,22,20,30,20,0%,0%,1.8,200,,,,,,,
6,4,1946,https://en.wikipedia.org/wiki/Juan_Per%C3%B3n,https://upload.wikimedia.org/wikipedia/commons/thumb/b/b8/Juan_Domingo_Per%C3%B3n_%28cropped_2%29.jpg/220px-Juan_Domingo_Per%C3%B3n_%28cropped_2%29.jpg,5,0,19,0,0%,0%,1.1,200,,,,,,,
9,6,1946,https://en.wikipedia.org/wiki/Restatement_of_Policy_on_Germany,https://i.ytimg.com/vi/YTi3bzqm7SM/sddefault.jpg,22,20,30,20,0%,0%,1.8,200,,,,,,,
1,17,1947,https://en.wikipedia.org/wiki/1947_Polish_parliamentary_election,https://upload.wikimedia.org/wikipedia/commons/thumb/c/c9/Herb_Polski.svg/110px-Herb_Polski.svg.png,0,0,0,0,0%,1%,0.9,200,,,,,,,
3,12,1947,https://en.wikipedia.org/wiki/Truman_Doctrine,https://upload.wikimedia.org/wikipedia/commons/thumb/2/2a/Kennan.jpeg/180px-Kennan.jpeg,5,0,19,0,0%,0%,1.1,200,,,,,,,
9,3,1947,https://en.wikipedia.org/wiki/United_Nations_Partition_Plan_for_Palestine,https://upload.wikimedia.org/wikipedia/commons/thumb/b/bd/UN_Palestine_Partition_Versions_1947.jpg/230px-UN_Palestine_Partition_Versions_1947.jpg,22,20,30,20,0%,0%,1.8,200,,,,,,,
9,18,1947,https://en.wikipedia.org/wiki/National_Security_Act_of_1947,https://upload.wikimedia.org/wikipedia/commons/thumb/2/25/Seal_of_the_Central_Intelligence_Agency.svg/200px-Seal_of_the_Central_Intelligence_Agency.svg.png,0,0,0,0,0%,1%,0.9,200,,,,,,,
8,14,1947,https://en.wikipedia.org/wiki/Partition_of_India,https://encrypted-tbn0.gstatic.com/images?q=tbn:ANd9GcRivS4dRETJSPOZFwXOG77EToOtBD97R_KGuw&s,27,0,14,0,-10%,50%,1.7,22,,,,,,,
4,15,1948,https://en.wikipedia.org/wiki/Thomas_B._McCabe,https://upload.wikimedia.org/wikipedia/commons/thumb/c/c1/00035_DUP_%2814083184875%29.jpg/220px-00035_DUP_%2814083184875%29.jpg,5,0,19,0,0%,0%,1.1,200,,,,,,,
4,3,1948,https://en.wikipedia.org/wiki/Marshall_Plan,https://upload.wikimedia.org/wikipedia/commons/thumb/2/24/US-MarshallPlanAid-Logo.svg/250px-US-MarshallPlanAid-Logo.svg.png,0,0,0,0,0%,1%,0.9,200,,,,,,,
5,14,1948,https://en.wikipedia.org/wiki/Israeli_Declaration_of_Independence,https://upload.wikimedia.org/wikipedia/commons/thumb/d/d4/Flag_of_Israel.svg/125px-Flag_of_Israel.svg.png,0,0,0,0,0%,1%,1,200,,,,,,,
11,4,1948,https://en.wikipedia.org/wiki/Dewey_Defeats_Truman,https://upload.wikimedia.org/wikipedia/commons/thumb/0/09/Dewey_Defeats_Truman.jpg/290px-Dewey_Defeats_Truman.jpg,5,0,19,0,0%,0%,1.1,200,,,,,,,
11,2,1948,https://en.wikipedia.org/wiki/1948_United_States_presidential_election,https://upload.wikimedia.org/wikipedia/commons/thumb/2/2f/ElectoralCollege1948.svg/350px-ElectoralCollege1948.svg.png,0,0,0,0,-10%,1%,1.9,200,,,,,,,
4,4,1949,https://en.wikipedia.org/wiki/NATO,https://upload.wikimedia.org/wikipedia/commons/thumb/3/37/Flag_of_NATO.svg/125px-Flag_of_NATO.svg.png,22,20,30,20,0%,0%,1.8,200,,,,,,,
6,8,1949,https://en.wikipedia.org/wiki/Nineteen_Eighty-Four,"https://m.media-amazon.com/images/I/612ADI+BVlL._AC_UF1000,1000_QL80_.jpg",22,20,30,20,0%,0%,1.8,200,,,,,,,
8,29,1949,https://en.wikipedia.org/wiki/RDS-1,https://upload.wikimedia.org/wikipedia/en/thumb/e/e8/Joe_one.jpg/250px-Joe_one.jpg,22,20,30,20,0%,0%,1.8,200,,,,,,,
10,1,1949,https://en.wikipedia.org/wiki/Proclamation_of_the_People%27s_Republic_of_China,https://upload.wikimedia.org/wikipedia/commons/thumb/f/fa/Flag_of_the_People%27s_Republic_of_China.svg/220px-Flag_of_the_People%27s_Republic_of_China.svg.png,5,25,19,0,0%,17%,1.5,200,,,,,,,
10,30,1950,https://en.wikipedia.org/wiki/Jayuya_Uprising,https://upload.wikimedia.org/wikipedia/commons/thumb/5/51/Pedro_Albizu_Campos_raising_his_hat_to_a_crowd%2C_1936.jpg/300px-Pedro_Albizu_Campos_raising_his_hat_to_a_crowd%2C_1936.jpg,5,0,19,0,0%,0%,1.1,200,,,,,,,
11,1,1950,https://en.wikipedia.org/wiki/Attempted_assassination_of_Harry_S._Truman,https://upload.wikimedia.org/wikipedia/commons/thumb/7/7c/Coffelt.jpg/210px-Coffelt.jpg,5,0,19,0,0%,0%,1.1,200,,,,,,,
4,2,1951,https://en.wikipedia.org/wiki/William_McChesney_Martin,https://upload.wikimedia.org/wikipedia/commons/thumb/e/e2/Chair_William_McChesney_Martin%2C_Jr_140501.jpg/220px-Chair_William_McChesney_Martin%2C_Jr_140501.jpg,5,0,19,0,0%,0%,1.1,200,,,,,,,
4,11,1951,https://en.wikipedia.org/wiki/Relief_of_Douglas_MacArthur,https://i.redd.it/qvulfeumsoub1.jpg,5,0,19,0,0%,0%,1.1,200,,,,,,,
4,28,1951,https://en.wikipedia.org/wiki/Mohammad_Mosaddegh,https://upload.wikimedia.org/wikipedia/commons/thumb/4/4a/Dr_Mohammad_Mosaddeq.jpg/220px-Dr_Mohammad_Mosaddeq.jpg,5,0,19,0,0%,0%,1.2,200,,,,,,,
3,3,1952,https://en.wikipedia.org/wiki/1952_Puerto_Rican_constitutional_referendum,https://upload.wikimedia.org/wikipedia/commons/thumb/3/36/Coat_of_arms_of_the_Commonwealth_of_Puerto_Rico.svg/195px-Coat_of_arms_of_the_Commonwealth_of_Puerto_Rico.svg.png,5,0,0,0,-9%,0%,1,200,,,,,,,
2,6,1952,https://en.wikipedia.org/wiki/Elizabeth_II,https://upload.wikimedia.org/wikipedia/commons/thumb/1/11/Queen_Elizabeth_II_official_portrait_for_1959_tour_%28retouched%29_%28cropped%29_%283-to-4_aspect_ratio%29.jpg/220px-Queen_Elizabeth_II_official_portrait_for_1959_tour_%28retouched%29_%28cropped%29_%283-to-4_aspect_ratio%29.jpg,5,0,19,0,0%,0%,1.1,200,,,,,,,
10,3,1952,https://en.wikipedia.org/wiki/Operation_Hurricane,https://upload.wikimedia.org/wikipedia/commons/thumb/9/9c/Op_hurricane.jpg/420px-Op_hurricane.jpg,22,20,30,20,0%,0%,1.8,200,,,,,,,
11,4,1952,https://en.wikipedia.org/wiki/1952_United_States_presidential_election,https://upload.wikimedia.org/wikipedia/commons/thumb/a/a5/ElectoralCollege1952.svg/348px-ElectoralCollege1952.svg.png,0,0,0,0,-10%,1%,1.9,200,,,,,,,
3,5,1953,https://en.wikipedia.org/wiki/Death_and_state_funeral_of_Joseph_Stalin,https://encrypted-tbn0.gstatic.com/images?q=tbn:ANd9GcTk32GPa5M2qG2o5TujWHGbJHPiVrW8sTidjw&s,15,0,19,0,-5%,0%,1.3,200,,,,,,,
3,6,1953,https://en.wikipedia.org/wiki/Georgy_Malenkov,https://upload.wikimedia.org/wikipedia/commons/thumb/4/42/Georgy_Malenkov_1964.jpg/220px-Georgy_Malenkov_1964.jpg,5,0,19,0,0%,0%,1.1,200,,,,,,,
4,27,1953,https://en.wikipedia.org/wiki/Executive_Order_10450,https://upload.wikimedia.org/wikipedia/commons/thumb/4/48/Gay_Pride_Flag.svg/255px-Gay_Pride_Flag.svg.png,5,0,19,0,0%,0%,1.1,200,,,,,,,
5,29,1953,https://en.wikipedia.org/wiki/1953_British_Mount_Everest_expedition,https://upload.wikimedia.org/wikipedia/commons/thumb/f/f6/Everest_kalapatthar.jpg/375px-Everest_kalapatthar.jpg,22,20,30,20,0%,0%,1.8,200,,,,,,,
7,27,1953,https://en.wikipedia.org/wiki/Korean_Armistice_Agreement,https://www.workers.org/wp-content/uploads/Korea-1-405x509.png,5,0,19,0,0%,0%,1.1,200,,,,,,,
9,7,1953,https://en.wikipedia.org/wiki/Nikita_Khrushchev,https://upload.wikimedia.org/wikipedia/commons/thumb/d/d1/Nikita_Khrushchev_1962_%28cropped%29.jpg/220px-Nikita_Khrushchev_1962_%28cropped%29.jpg,5,0,19,0,0%,0%,1.1,200,,,,,,,
1,20,1953,https://en.wikipedia.org/wiki/Dwight_D._Eisenhower,https://upload.wikimedia.org/wikipedia/commons/thumb/0/02/Dwight_D._Eisenhower%2C_official_photo_portrait%2C_May_29%2C_1959_%28cropped%29%283%29.jpg/220px-Dwight_D._Eisenhower%2C_official_photo_portrait%2C_May_29%2C_1959_%28cropped%29%283%29.jpg,5,0,19,0,0%,0%,1.1,200,,,,,,,
6,9,1954,https://www.senate.gov/about/powers-procedures/investigations/mccarthy-hearings/have-you-no-sense-of-decency.htm,https://upload.wikimedia.org/wikipedia/en/thumb/c/c6/JosephNWelch.jpg/220px-JosephNWelch.jpg,5,0,19,0,0%,0%,1.1,200,,,,,,,
7,1,1954,"https://en.wikipedia.org/wiki/Doolittle_Report,_1954",https://upload.wikimedia.org/wikipedia/commons/thumb/b/bc/Lt._General_James_Doolittle%2C_head_and_shoulders.jpg/220px-Lt._General_James_Doolittle%2C_head_and_shoulders.jpg,5,0,19,0,0%,0%,1.1,200,,,,,,,
3,1,1954,https://en.wikipedia.org/wiki/Castle_Bravo,https://upload.wikimedia.org/wikipedia/commons/thumb/0/0e/CastleBravo1.gif/280px-CastleBravo1.gif,5,17,19,17,0%,0%,1.7,200,,,,,,,
5,17,1954,https://www.oyez.org/cases/1940-1955/347us483,https://www.farmvilleherald.com/wp-content/uploads/sites/25/2024/04/Brown-v-Board2_WEB.jpg,5,17,19,17,0%,0%,1.7,200,,,,,,,
10,27,1954,https://en.wikipedia.org/wiki/Godzilla_(1954_film),https://upload.wikimedia.org/wikipedia/commons/thumb/9/95/Gojira_1954_Japanese_poster.jpg/220px-Gojira_1954_Japanese_poster.jpg,5,0,19,0,0%,0%,1.1,200,,,,,,,
5,14,1955,https://en.wikipedia.org/wiki/Warsaw_Pact,https://upload.wikimedia.org/wikipedia/commons/thumb/1/1b/Warsaw_Pact_Logo.svg/225px-Warsaw_Pact_Logo.svg.png,5,0,0,0,-15%,0%,1.1,200,,,,,,,
8,28,1955,https://en.wikipedia.org/wiki/Emmett_Till,https://upload.wikimedia.org/wikipedia/en/thumb/a/a9/Emmett_Till.jpg/220px-Emmett_Till.jpg,5,0,19,0,0%,0%,1.1,200,,,,,,,
9,21,1955,https://en.wikipedia.org/wiki/Daughters_of_Bilitis,https://upload.wikimedia.org/wikipedia/commons/thumb/6/67/The_Ladder%2C_October_1957.jpg/257px-The_Ladder%2C_October_1957.jpg,5,0,19,0,0%,0%,1.1,200,,,,,,,
10,26,1955,https://en.wikipedia.org/wiki/Ngo_Dinh_Diem,https://upload.wikimedia.org/wikipedia/commons/thumb/a/a6/President_NGO-DINH-DIEM_of_the_Republic_of_Viet-Nam.jpg/330px-President_NGO-DINH-DIEM_of_the_Republic_of_Viet-Nam.jpg,5,0,19,0,0%,0%,1.1,200,,,,,,,
12,1,1955,https://en.wikipedia.org/wiki/Rosa_Parks#,https://i.natgeofe.com/n/75632794-ca7f-4c52-a342-c14217a5d349/AP551861564632.jpg,5,0,19,0,0%,0%,1.1,200,,,,,,,
2,25,1956,https://en.wikipedia.org/wiki/On_the_Cult_of_Personality_and_Its_Consequences,https://upload.wikimedia.org/wikipedia/en/thumb/2/24/The_Secret_Speech_%28novel%29.jpg/220px-The_Secret_Speech_%28novel%29.jpg,5,0,19,0,0%,0%,1.1,200,,,,,,,
11,6,1956,https://en.wikipedia.org/wiki/1956_United_States_presidential_election,https://upload.wikimedia.org/wikipedia/commons/thumb/3/3e/ElectoralCollege1956.svg/348px-ElectoralCollege1956.svg.png,0,0,0,0,-10%,1%,1.9,200,,,,,,,
6,29,1956,https://en.wikipedia.org/wiki/Federal-Aid_Highway_Act_of_1956,https://upload.wikimedia.org/wikipedia/commons/thumb/1/11/I-80.svg/72px-I-80.svg.png,5,0,19,0,-30%,0%,0.8,200,,,,,,,
6,21,1957,https://en.wikipedia.org/wiki/Rudolf_Abel#Capture,https://upload.wikimedia.org/wikipedia/commons/thumb/4/41/The_Soviet_Union_1990_CPA_6265_stamp_%28Soviet_Intelligence_Agents._Rudolf_Abel%29.jpg/220px-The_Soviet_Union_1990_CPA_6265_stamp_%28Soviet_Intelligence_Agents._Rudolf_Abel%29.jpg,5,0,19,0,0%,0%,1.1,200,,,,,,,
9,4,1957,https://en.wikipedia.org/wiki/Little_Rock_Nine,https://upload.wikimedia.org/wikipedia/en/thumb/f/ff/Little_Rock_Desegregation_1957.jpg/300px-Little_Rock_Desegregation_1957.jpg,5,0,19,0,0%,0%,1.1,200,,,,,,,
9,23,1957,https://www.history.com/news/little-rock-nine-brown-v-board-eisenhower-101-airborne,https://upload.wikimedia.org/wikipedia/commons/thumb/6/66/Little-Rock-TIME-1957.jpg/190px-Little-Rock-TIME-1957.jpg,5,0,19,0,0%,0%,1.1,200,,,,,,,
10,4,1957,https://en.wikipedia.org/wiki/Sputnik_1,https://upload.wikimedia.org/wikipedia/commons/thumb/3/36/Sputnik_1_Exploded_View_3F9A6199_%2836924864550%29_modified.png/220px-Sputnik_1_Exploded_View_3F9A6199_%2836924864550%29_modified.png,5,0,19,0,0%,0%,1.1,200,,,,,,,
6,3,1958,https://en.wikipedia.org/wiki/Pope_John_XXIII,https://upload.wikimedia.org/wikipedia/commons/thumb/0/0c/Ioannes_XXIII%2C_by_De_Agostini%2C_1958%E2%80%931963.jpg/220px-Ioannes_XXIII%2C_by_De_Agostini%2C_1958%E2%80%931963.jpg,5,0,19,0,0%,0%,1.1,200,,,,,,,
7,14,1958,https://en.wikipedia.org/wiki/14_July_Revolution,https://upload.wikimedia.org/wikipedia/commons/thumb/b/bf/Coat_of_arms_of_Iraq.svg/80px-Coat_of_arms_of_Iraq.svg.png,5,0,19,0,0%,0%,1.1,200,,,,,,,
1,1,1959,https://en.wikipedia.org/wiki/Cuba,https://upload.wikimedia.org/wikipedia/commons/thumb/5/58/Coat_of_arms_of_Cuba.svg/85px-Coat_of_arms_of_Cuba.svg.png,5,0,19,0,0%,0%,1.1,200,,,,,,,
5,1,1960,https://en.wikipedia.org/wiki/1960_U-2_incident,https://upload.wikimedia.org/wikipedia/commons/thumb/d/d4/KellyJohnsonandGaryPowers_%28crop%29.jpg/220px-KellyJohnsonandGaryPowers_%28crop%29.jpg,5,0,19,0,0%,0%,1.1,200,,,,,,,
2,13,1960,https://en.wikipedia.org/wiki/Gerboise_Bleue_(nuclear_test),https://upload.wikimedia.org/wikipedia/commons/thumb/e/ea/Image_Gerboise_bleue.png/420px-Image_Gerboise_bleue.png,22,20,30,20,0%,0%,1.8,200,,,,,,,
6,24,1960,https://en.wikipedia.org/wiki/Patrice_Lumumba,https://upload.wikimedia.org/wikipedia/commons/thumb/7/7b/Patrice_Lumumba%2C_1960.jpg/200px-Patrice_Lumumba%2C_1960.jpg,5,0,19,0,0%,0%,1.2,200,,,,,,,
11,8,1960,https://en.wikipedia.org/wiki/1960_United_States_presidential_election,https://upload.wikimedia.org/wikipedia/commons/thumb/5/5d/ElectoralCollege1960.svg/348px-ElectoralCollege1960.svg.png,0,0,0,0,-10%,1%,1.9,200,,,,,,,
4,12,1961,https://en.wikipedia.org/wiki/Vostok_1,https://upload.wikimedia.org/wikipedia/commons/thumb/e/e5/Yuri_Gagarin_%281961%29_-_Restoration.jpg/220px-Yuri_Gagarin_%281961%29_-_Restoration.jpg,5,0,19,0,0%,0%,1.1,200,,,,,,,
1,17,1961,https://en.wikipedia.org/wiki/Patrice_Lumumba#Final_days_and_assassination,https://a.ltrbxd.com/resized/film-poster/9/9/3/6/0/99360-lumumba-death-of-a-prophet-0-230-0-345-crop.jpg?v=c045166baf,5,0,19,0,0%,0%,1.1,200,,,,,,,
1,20,1961,https://en.wikipedia.org/wiki/John_F._Kennedy,https://upload.wikimedia.org/wikipedia/commons/thumb/c/c3/John_F._Kennedy%2C_White_House_color_photo_portrait.jpg/220px-John_F._Kennedy%2C_White_House_color_photo_portrait.jpg,5,0,19,0,0%,0%,1.1,200,,,,,,,
5,16,1961,https://en.wikipedia.org/wiki/May_16_coup,https://upload.wikimedia.org/wikipedia/commons/thumb/2/20/5.16_Coup_Park_Chung-hee.jpg/1024px-5.16_Coup_Park_Chung-hee.jpg,25,18,20,18,-10%,1%,1.7,200,,,,,,,
2,10,1962,https://en.wikipedia.org/wiki/Rudolf_Abel#Release_and_later_life,https://upload.wikimedia.org/wikipedia/en/thumb/f/fa/Bridge_of_Spies_poster.jpg/220px-Bridge_of_Spies_poster.jpg,5,0,19,0,0%,0%,1.1,200,,,,,,,
6,5,1962,https://www.marvel.com/articles/comics/today-in-marvel-history-spider-man-s-first-appearance,https://i.etsystatic.com/27043408/r/il/74bda1/3449896728/il_1080xN.3449896728_mwly.jpg,15,0,28,0,-20%,0%,1.2,200,,,,,,,
6,21,1963,https://en.wikipedia.org/wiki/Pope_Paul_VI,https://upload.wikimedia.org/wikipedia/commons/thumb/b/b0/Paulus_VI%2C_by_Fotografia_Felici%2C_1969.jpg/220px-Paulus_VI%2C_by_Fotografia_Felici%2C_1969.jpg,5,0,19,0,0%,0%,1.1,200,,,,,,,
4,10,1963,https://www.history.com/news/lee-harvey-oswald-other-target,https://upload.wikimedia.org/wikipedia/commons/thumb/4/46/Edwin_A._Walker.jpg/220px-Edwin_A._Walker.jpg,5,0,19,0,0%,0%,1.1,200,,,,,,,
6,16,1963,https://en.wikipedia.org/wiki/Vostok_6,https://upload.wikimedia.org/wikipedia/commons/thumb/6/61/RIAN_archive_612748_Valentina_Tereshkova.jpg/220px-RIAN_archive_612748_Valentina_Tereshkova.jpg,5,0,19,0,0%,0%,1.1,200,,,,,,,
8,28,1963,https://en.wikipedia.org/wiki/I_Have_a_Dream,https://upload.wikimedia.org/wikipedia/commons/thumb/8/81/Martin_Luther_King_-_March_on_Washington.jpg/240px-Martin_Luther_King_-_March_on_Washington.jpg,5,0,19,0,0%,0%,1.1,200,,,,,,,
11,23,1963,https://en.wikipedia.org/wiki/Lyndon_B._Johnson,https://upload.wikimedia.org/wikipedia/commons/thumb/c/c3/37_Lyndon_Johnson_3x4.jpg/220px-37_Lyndon_Johnson_3x4.jpg,5,0,19,0,0%,0%,1.1,200,,,,,,,
11,22,1963,https://en.wikipedia.org/wiki/Assassination_of_John_F._Kennedy,https://upload.wikimedia.org/wikipedia/commons/thumb/5/5c/JFK_limousine.png/220px-JFK_limousine.png,27,18,24,18,-10%,1%,1.7,200,,,,,,,
11,24,1963,https://en.wikipedia.org/wiki/Lee_Harvey_Oswald#Murder,https://upload.wikimedia.org/wikipedia/commons/thumb/9/90/Ruby_shoots_Oswald.jpg/220px-Ruby_shoots_Oswald.jpg,5,0,19,0,0%,0%,1.1,200,,,,,,,
1,1,1963,https://en.wikipedia.org/wiki/A_Monetary_History_of_the_United_States,https://m.media-amazon.com/images/I/81VevMCQ+vL.jpg,5,0,19,0,0%,0%,1.1,200,,,,,,,
1,8,1964,https://en.wikipedia.org/wiki/War_on_poverty,https://www.truecharity.us/wp-content/uploads/2024/01/americas-war-on-poverty.png,5,20,19,20,-10%,0%,1.7,200,,,,,,,
3,2,1965,https://en.wikipedia.org/wiki/The_Sound_of_Music_(film),https://encrypted-tbn3.gstatic.com/images?q=tbn:ANd9GcQb6OYLDTCXyE3oSfyVPTfiboxRqBxTLgMDovveZmhTHOMSWPXGntV6CWTC7hgkXiAJP-Wv_A,5,0,19,0,0%,0%,1.1,200,,,,,,,
3,13,1964,https://en.wikipedia.org/wiki/Murder_of_Kitty_Genovese,https://ggsc.s3.us-west-2.amazonaws.com/assets/images/kittygenovese2_-_abcdef_-_0a21b39134b316e51cdc0dd96c5e6bca3c0093e9_-_abcdef_-_c3aa4369bd53794b17dba2719890b56de8809755.jpg,5,0,19,0,0%,0%,1.1,200,,,,,,,
3,31,1964,https://en.wikipedia.org/wiki/1964_Brazilian_coup_d%27%C3%A9tat,https://upload.wikimedia.org/wikipedia/commons/thumb/f/f0/200_anos_do_Senado_Federal_%2853454039803%29.jpg/300px-200_anos_do_Senado_Federal_%2853454039803%29.jpg,5,0,19,0,0%,0%,1.1,200,,,,,,,
6,21,1964,"https://en.wikipedia.org/wiki/Murders_of_Chaney,_Goodman,_and_Schwerner",https://upload.wikimedia.org/wikipedia/commons/thumb/8/80/Chaney%2C_Goodman%2C_Schwerner_station_wagon%2C_1964.jpg/220px-Chaney%2C_Goodman%2C_Schwerner_station_wagon%2C_1964.jpg,5,0,19,0,0%,0%,1.1,200,,,,,,,
7,2,1964,https://en.wikipedia.org/wiki/Civil_Rights_Act_of_1964,https://upload.wikimedia.org/wikipedia/commons/thumb/e/e1/MLK_and_Malcolm_X_USNWR_cropped.jpg/200px-MLK_and_Malcolm_X_USNWR_cropped.jpg,5,0,19,0,0%,0%,1.1,200,,,,,,,
8,2,1964,https://en.wikipedia.org/wiki/Gulf_of_Tonkin_incident,https://upload.wikimedia.org/wikipedia/commons/thumb/8/82/Gulf_of_Tonkin_location.gif/220px-Gulf_of_Tonkin_location.gif,5,0,19,0,0%,0%,1.1,200,,,,,,,
9,4,1964,https://en.wikipedia.org/wiki/1964_Chilean_presidential_election,https://upload.wikimedia.org/wikipedia/commons/thumb/7/78/Flag_of_Chile.svg/50px-Flag_of_Chile.svg.png,5,0,19,0,0%,0%,1.1,200,,,,,,,
10,14,1964,https://en.wikipedia.org/wiki/Leonid_Brezhnev,https://upload.wikimedia.org/wikipedia/commons/thumb/e/e8/Staatshoofden%2C_portretten%2C_Bestanddeelnr_925-6564_%28cropped%29%28d%29.jpg/220px-Staatshoofden%2C_portretten%2C_Bestanddeelnr_925-6564_%28cropped%29%28d%29.jpg,5,0,19,0,0%,0%,1.1,200,,,,,,,
11,3,1964,https://en.wikipedia.org/wiki/1964_United_States_presidential_election,https://upload.wikimedia.org/wikipedia/commons/thumb/c/ce/ElectoralCollege1964.svg/348px-ElectoralCollege1964.svg.png,0,0,0,0,-10%,1%,1.9,200,,,,,,,
10,16,1964,https://en.wikipedia.org/wiki/Project_596,https://upload.wikimedia.org/wikipedia/commons/thumb/d/db/1965-01_1964%E5%B9%B4_%E9%A6%96%E6%AC%A1%E5%8E%9F%E5%AD%90%E5%BC%B9%E7%88%86%E7%82%B83.jpg/420px-1965-01_1964%E5%B9%B4_%E9%A6%96%E6%AC%A1%E5%8E%9F%E5%AD%90%E5%BC%B9%E7%88%86%E7%82%B83.jpg,22,20,30,20,0%,0%,1.8,200,,,,,,,
11,21,1964,https://en.wikipedia.org/wiki/FBI%E2%80%93King_letter,https://upload.wikimedia.org/wikipedia/commons/thumb/5/5f/Mlk-uncovered-letter.png/220px-Mlk-uncovered-letter.png,5,0,19,0,0%,0%,1.1,200,,,,,,,
12,10,1964,https://en.wikipedia.org/wiki/1964_Nobel_Peace_Prize,https://aaregistry.org/wp-content/uploads/2014/10/nobel-mlk-jr..jpg,5,0,19,0,0%,0%,1.1,200,,,,,,,
6,14,1965,https://en.wikipedia.org/wiki/Angus_Barbieri%27s_fast,https://www.diabetes.co.uk/wp-content/uploads/2018/02/angus-704x454-1.jpg,0,48,34,0,0%,50%,2.15,200,,,,,,,
7,30,1965,https://en.wikipedia.org/wiki/Social_Security_Amendments_of_1965,https://upload.wikimedia.org/wikipedia/commons/thumb/2/2a/Centers_for_Medicare_and_Medicaid_Services_logo.svg/220px-Centers_for_Medicare_and_Medicaid_Services_logo.svg.png,5,0,19,0,-10%,0%,1.9,200,,,,,,,
10,1,1965,https://en.wikipedia.org/wiki/30_September_Movement,https://upload.wikimedia.org/wikipedia/commons/thumb/c/c5/Monumen_Pancasila_Sakti.jpg/300px-Monumen_Pancasila_Sakti.jpg,20,20,0,20,-8%,0%,1.9,200,,,,,,,
11,9,1965,https://en.wikipedia.org/wiki/Northeast_blackout_of_1965,https://upload.wikimedia.org/wikipedia/commons/thumb/8/8b/Northeast_Blackout_of_1965.svg/350px-Northeast_Blackout_of_1965.svg.png,5,0,19,0,0%,0%,1.1,200,,,,,,,
11,24,1965,https://en.wikipedia.org/wiki/Mobutu_Sese_Seko,https://upload.wikimedia.org/wikipedia/commons/thumb/3/3d/Mobutu.jpg/220px-Mobutu.jpg,5,0,19,0,0%,0%,1.1,200,,,,,,,
6,30,1966,https://en.wikipedia.org/wiki/Angus_Barbieri%27s_fast,https://www.diabetes.co.uk/wp-content/uploads/2018/02/angus-704x454-1.jpg,0,0,35,50,0%,-52%,2.15,200,,,,,,,
9,1,1966,https://www.ncbi.nlm.nih.gov/books/NBK222962/,https://d148x66490prkv.cloudfront.net/hmp_ln/2025-02/logo.png,5,0,19,70,0%,-100%,3,200,,,,,,,
1,15,1967,https://en.wikipedia.org/wiki/Super_Bowl_I,https://upload.wikimedia.org/wikipedia/commons/thumb/e/ea/SuperBowl_I_-_Los_Angeles_Coliseum.jpg/330px-SuperBowl_I_-_Los_Angeles_Coliseum.jpg,35,22,21,22,-21%,0%,1.9,200,,,,,,,
10,21,1967,https://en.wikipedia.org/wiki/1967_March_on_the_Pentagon,https://upload.wikimedia.org/wikipedia/commons/thumb/7/7c/Vietnamprotestors.jpg/260px-Vietnamprotestors.jpg,5,0,19,0,0%,0%,1.1,200,,,,,,,
1,27,1967,https://en.wikipedia.org/wiki/Apollo_1,https://upload.wikimedia.org/wikipedia/commons/thumb/e/e1/Apollo1-Crew_01.jpg/260px-Apollo1-Crew_01.jpg,5,0,19,0,0%,0%,1.1,200,,,,,,,
4,21,1967,"https://en.wikipedia.org/wiki/Greek_junta#:~:text=On%2021%20April%201967%2C%20just,elements%20of%20surprise%20and%20confusion.",https://upload.wikimedia.org/wikipedia/commons/thumb/d/d8/Pattakos%2C_Papadopoulos_and_Makarezos.jpg/220px-Pattakos%2C_Papadopoulos_and_Makarezos.jpg,5,0,0,0,0%,0%,1.1,200,,,,,,,
10,9,1967,https://www.history.com/this-day-in-history/che-guevara-is-executed,https://jimfitzpatrick.com/wp-content/uploads/2012/10/FINAL%C2%A9.VIVA-CHE1968x8.jpg,5,0,19,0,0%,0%,1.1,200,,,,,,,
11,22,1967,https://en.wikipedia.org/wiki/United_Nations_Security_Council_Resolution_242,https://upload.wikimedia.org/wikipedia/commons/thumb/9/93/6DayWarEnglish.png/230px-6DayWarEnglish.png,35,22,21,22,-21%,0%,1.9,200,,,,,,,
10,11,1968,https://en.wikipedia.org/wiki/1968_Panamanian_coup_d%27%C3%A9tat,https://upload.wikimedia.org/wikipedia/commons/thumb/8/87/Omar_Torrijos_1978.jpg/220px-Omar_Torrijos_1978.jpg,5,0,19,0,0%,0%,1.1,200,,,,,,,
3,16,1968,https://en.wikipedia.org/wiki/My_Lai_massacre,https://upload.wikimedia.org/wikipedia/commons/thumb/7/77/My_Lai_massacre.jpg/220px-My_Lai_massacre.jpg,5,20,30,20,0%,0%,1.9,200,,,,,,,
4,4,1968,https://en.wikipedia.org/wiki/Assassination_of_Martin_Luther_King_Jr.,https://upload.wikimedia.org/wikipedia/commons/thumb/a/a2/Lorraine_Motel%2C_Memphis%2C_TN%2C_US.jpg/220px-Lorraine_Motel%2C_Memphis%2C_TN%2C_US.jpg,5,20,30,20,0%,0%,1.9,200,,,,,,,
6,5,1968,https://en.wikipedia.org/wiki/Assassination_of_Robert_F._Kennedy,https://upload.wikimedia.org/wikipedia/en/thumb/d/d3/Rfk_assassination.jpg/220px-Rfk_assassination.jpg,5,0,19,0,0%,0%,1.1,200,,,,,,,
7,17,1968,https://en.wikipedia.org/wiki/17_July_Revolution,https://upload.wikimedia.org/wikipedia/commons/thumb/6/6a/Ahmed_al-Bakr.jpg/220px-Ahmed_al-Bakr.jpg,16,20,35,20,10%,0%,1.8,200,,,,,,,
11,5,1968,https://en.wikipedia.org/wiki/1968_United_States_presidential_election,https://upload.wikimedia.org/wikipedia/commons/thumb/4/41/ElectoralCollege1968.svg/348px-ElectoralCollege1968.svg.png,0,0,0,0,-10%,1%,1.9,200,,,,,,,
6,28,1969,https://en.wikipedia.org/wiki/Stonewall_riots,https://upload.wikimedia.org/wikipedia/commons/thumb/c/ce/Stonewall_Inn_5_pride_weekend_2016.jpg/1024px-Stonewall_Inn_5_pride_weekend_2016.jpg,5,8,19,20,-8%,-10%,1.5,200,,,,,,,
7,20,1969,https://en.wikipedia.org/wiki/Apollo_11,https://upload.wikimedia.org/wikipedia/commons/thumb/9/98/Aldrin_Apollo_11_original.jpg/260px-Aldrin_Apollo_11_original.jpg,5,0,19,0,0%,0%,1.1,200,,,,,,,
1,20,1969,https://en.wikipedia.org/wiki/Richard_Nixon,https://upload.wikimedia.org/wikipedia/commons/thumb/2/2c/Richard_Nixon_presidential_portrait_%281%29.jpg/220px-Richard_Nixon_presidential_portrait_%281%29.jpg,5,0,19,0,0%,0%,1.1,200,,,,,,,
12,4,1969,https://en.wikipedia.org/wiki/Fred_Hampton,https://upload.wikimedia.org/wikipedia/en/5/55/Judas_and_the_Black_Messiah_poster.png,5,0,19,0,0%,0%,1.1,200,,,,,,,
2,1,1970,https://en.wikipedia.org/wiki/Arthur_F._Burns,https://upload.wikimedia.org/wikipedia/commons/thumb/d/d7/ArthurBurns_USArmyPhoto_1955.jpg/220px-ArthurBurns_USArmyPhoto_1955.jpg,5,0,19,0,0%,0%,1.1,200,,,,,,,
9,4,1970,https://en.wikipedia.org/wiki/1970_Chilean_presidential_election,https://upload.wikimedia.org/wikipedia/commons/thumb/c/c0/1970_Chilean_presidential_election_map.svg/275px-1970_Chilean_presidential_election_map.svg.png,5,0,19,0,0%,0%,1.1,200,,,,,,,
3,5,1970,https://en.wikipedia.org/wiki/Treaty_on_the_Non-Proliferation_of_Nuclear_Weapons,https://encrypted-tbn0.gstatic.com/images?q=tbn:ANd9GcTHbnMOWs3SLfNsE64QCGr2sQC36jy0VTsaiw&s,5,0,19,0,-10%,0%,1.1,200,,,,,,,
3,6,1970,https://en.wikipedia.org/wiki/Greenwich_Village_townhouse_explosion,https://upload.wikimedia.org/wikipedia/en/a/a4/FDNY_responds_to_Weatherman_townhouse_explosion.jpg,5,17,19,17,-10%,0%,1.7,200,,,,,,,
5,4,1970,https://en.wikipedia.org/wiki/Kent_State_shootings,https://d.newsweek.com/en/full/328094/kent-state.jpg?w=1600&h=1600&q=88&f=87617627ff075739a5c3a450d1f0b0fd,5,0,0,0,-8%,0%,1.1,200,,,,,,,
11,3,1970,https://en.wikipedia.org/wiki/Salvador_Allende,https://upload.wikimedia.org/wikipedia/commons/0/0d/Salvador_Allende_Gossens-.jpg,5,0,19,0,0%,0%,1.1,200,,,,,,,
11,13,1970,https://en.wikipedia.org/wiki/Corrective_Movement_(Syria),https://upload.wikimedia.org/wikipedia/commons/thumb/5/51/General_Hafez_al-Assad_%281930-2000%29%2C_the_new_president_of_Syria_in_November_1970.png/390px-General_Hafez_al-Assad_%281930-2000%29%2C_the_new_president_of_Syria_in_November_1970.png,6,0,22,0,0%,0%,1.2,200,,,,,,,
1,24,1971,https://en.wikipedia.org/wiki/World_Economic_Forum,https://upload.wikimedia.org/wikipedia/commons/thumb/b/b6/World_Economic_Forum_logo.svg/200px-World_Economic_Forum_logo.svg.png,5,0,19,0,0%,0%,1.1,200,,,,,,,
8,15,1971,https://en.wikipedia.org/wiki/Nixon_shock,"https://ih1.redbubble.net/image.4429291210.9254/flat,750x,075,f-pad,750x1000,f8f8f8.jpg",5,0,19,0,0%,0%,1.1,200,,,,,,,
5,2,1972,https://www.history.com/this-day-in-history/end-of-an-era-at-the-fbi,https://encrypted-tbn0.gstatic.com/images?q=tbn:ANd9GcTMqVcM0of5kljL45z1DzHqVRj7S2dcpejIfw&s,5,0,19,0,0%,0%,1.1,200,,,,,,,
3,24,1972,https://en.wikipedia.org/wiki/The_Godfather,"https://m.media-amazon.com/images/I/510L5ypQBdL._AC_UF894,1000_QL80_.jpg",5,0,19,0,0%,0%,1.1,200,,,,,,,
5,15,1972,https://en.wikipedia.org/wiki/George_Wallace#Attempted_assassination,https://upload.wikimedia.org/wikipedia/en/0/05/George_Wallace_assassination_attempt.jpg,5,13,19,13,-8%,0%,1.5,200,,,,,,,
6,17,1972,https://en.wikipedia.org/wiki/Watergate_scandal#Wiretapping_of_the_Democratic_Party's_headquarters,https://upload.wikimedia.org/wikipedia/commons/thumb/7/77/WatergateFromAir.JPG/250px-WatergateFromAir.JPG,5,13,19,13,-8%,0%,1.5,200,,,,,,,
11,7,1972,https://en.wikipedia.org/wiki/1972_United_States_presidential_election,https://upload.wikimedia.org/wikipedia/commons/thumb/3/30/ElectoralCollege1972.svg/348px-ElectoralCollege1972.svg.png,0,0,0,0,-10%,1%,1.9,200,,,,,,,
6,20,1973,https://en.wikipedia.org/wiki/Ezeiza_massacre,https://upload.wikimedia.org/wikipedia/commons/thumb/8/89/Masacre_de_Ezeiza_-_persona_subiendo_al_palco.jpg/200px-Masacre_de_Ezeiza_-_persona_subiendo_al_palco.jpg,5,0,19,0,0%,0%,1.1,200,,,,,,,
9,11,1973,https://en.wikipedia.org/wiki/1973_Chilean_coup_d%27%C3%A9tat,https://upload.wikimedia.org/wikipedia/commons/thumb/b/b5/Golpe_de_Estado_1973.jpg/300px-Golpe_de_Estado_1973.jpg,25,20,25,20,-8%,0%,1.7,22,,,,,,,
10,20,1973,https://en.wikipedia.org/wiki/Saturday_Night_Massacre,https://upload.wikimedia.org/wikipedia/commons/thumb/2/2f/Archibald_Cox_04989v.jpg/192px-Archibald_Cox_04989v.jpg,5,0,19,0,0%,0%,1.1,200,,,,,,,
1,22,1973,https://www.oyez.org/cases/1971/70-18,https://www.thirteen.org/wnet/supremecourt/rights/images/roe.jpg,5,0,19,0,0%,0%,1.1,200,,,,,,,
2,22,1974,https://en.wikipedia.org/wiki/Samuel_Byck,https://upload.wikimedia.org/wikipedia/en/b/b5/Samuel_Byck.jpg,5,0,19,0,0%,0%,1.1,200,,,,,,,
4,15,1974,https://en.wikipedia.org/wiki/Patty_Hearst,https://i.guim.co.uk/img/static/sys-images/guardian/Pix/pictures/2014/2/3/1391454677710/Patricia--Patty--Hearst-002.jpg?width=480&dpr=1&s=none&crop=none,5,0,19,0,0%,0%,1.1,200,,,,,,,
5,18,1974,https://en.wikipedia.org/wiki/Smiling_Buddha,https://ameetkothari.wordpress.com/wp-content/uploads/2021/05/images28329284268277720023526..jpg?w=602,22,20,30,20,0%,0%,1.8,200,,,,,,,
8,9,1974,https://en.wikipedia.org/wiki/Gerald_Ford,https://upload.wikimedia.org/wikipedia/commons/thumb/3/36/Gerald_Ford_presidential_portrait_%28cropped%29.jpg/220px-Gerald_Ford_presidential_portrait_%28cropped%29.jpg,5,0,19,0,0%,0%,1.1,200,,,,,,,
9,8,1974,https://en.wikipedia.org/wiki/Pardon_of_Richard_Nixon,https://static01.nyt.com/images/2023/02/19/multimedia/19graff-kbgw/19graff-kbgw-superJumbo.jpg,10,20,19,20,-10%,0%,1.7,200,,,,,,,
12,31,1974,https://en.wikipedia.org/wiki/Privacy_Act_of_1974,https://cdn.prod.website-files.com/645421dcfd5ae533e0d03ba0/65b3b929d3049252225e5b4a_image%20(1).png,22,20,30,20,0%,0%,1.8,200,,,,,,,
10,15,1967,"https://en.wikipedia.org/wiki/Freedom_House_Ambulance_Service#:~:text=Freedom%20House%20Ambulance%20Service%20was,staffed%20entirely%20by%20African%20Americans.",https://api.time.com/wp-content/uploads/2022/09/AmericanSirens_HC.jpg,7,0,21,0,0%,0%,1.2,200,,,,,,,
6,20,1975,https://en.wikipedia.org/wiki/Jaws_(film),https://upload.wikimedia.org/wikipedia/commons/thumb/4/40/Jaws_movie_poster.jpg/220px-Jaws_movie_poster.jpg,5,0,19,0,0%,0%,1.2,200,,,,,,,
9,5,1975,https://en.wikipedia.org/wiki/Attempted_assassination_of_Gerald_Ford_in_Sacramento,https://upload.wikimedia.org/wikipedia/commons/c/c8/Squeaky_Fromme_HS_Yearbook.jpeg,5,0,19,0,0%,0%,1.1,200,,,,,,,
9,22,1975,https://en.wikipedia.org/wiki/Attempted_assassination_of_Gerald_Ford_in_San_Francisco,https://upload.wikimedia.org/wikipedia/en/9/97/Mugshot_of_Sara_Jane_Moore.jpg,5,0,19,0,0%,0%,1.1,200,,,,,,,
11,20,1975,https://en.wikipedia.org/wiki/Francisco_Franco#Death_and_funeral,https://socialistworker.co.uk/wp-content/uploads/images1412/Image/2005/1977/franco_dead.jpg,5,0,19,0,0%,0%,1.1,200,,,,,,,
7,2,1976,https://en.wikipedia.org/wiki/Vietnam,https://upload.wikimedia.org/wikipedia/commons/thumb/a/a3/Emblem_of_Vietnam.svg/125px-Emblem_of_Vietnam.svg.png,5,0,19,0,0%,0%,1.1,200,,,,,,,
9,21,1976,https://en.wikipedia.org/wiki/Assassination_of_Orlando_Letelier,https://upload.wikimedia.org/wikipedia/commons/thumb/1/17/Orlando_Letelier%2C_Washingron_DC%2C_1976_%28de_Marcelo_Montecino%29.jpg/330px-Orlando_Letelier%2C_Washingron_DC%2C_1976_%28de_Marcelo_Montecino%29.jpg,5,23,33,23,0%,0%,2,200,,,,,,,
11,2,1976,https://en.wikipedia.org/wiki/1976_United_States_presidential_election,https://upload.wikimedia.org/wikipedia/commons/thumb/4/43/ElectoralCollege1976.svg/348px-ElectoralCollege1976.svg.png,0,0,0,0,-10%,1%,1.9,200,,,,,,,
6,15,1977,https://en.wikipedia.org/wiki/1977_Spanish_general_election,https://upload.wikimedia.org/wikipedia/commons/thumb/3/3e/1977_Spanish_election_-_Results.svg/652px-1977_Spanish_election_-_Results.svg.png,0,0,33,20,0%,0%,1.8,200,,,,,,,
9,7,1977,https://en.wikipedia.org/wiki/Torrijos%E2%80%93Carter_Treaties,https://upload.wikimedia.org/wikipedia/commons/thumb/8/87/Jimmy_Carter_and_General_Omar_Torrijos_signing_the_Panama_Canal_Treaty.jpg/240px-Jimmy_Carter_and_General_Omar_Torrijos_signing_the_Panama_Canal_Treaty.jpg,13,18,19,18,-10%,0%,1.7,200,,,,,,,
1,20,1977,https://en.wikipedia.org/wiki/Jimmy_Carter,https://upload.wikimedia.org/wikipedia/commons/thumb/5/5a/JimmyCarterPortrait2.jpg/220px-JimmyCarterPortrait2.jpg,5,0,19,0,0%,0%,1.1,200,,,,,,,
5,25,1977,https://en.wikipedia.org/wiki/Star_Wars_(film),https://upload.wikimedia.org/wikipedia/en/thumb/8/87/StarWarsMoviePoster1977.jpg/220px-StarWarsMoviePoster1977.jpg,5,0,19,0,0%,0%,1.1,200,,,,,,,
1,1,1978,https://en.wikipedia.org/wiki/The_Turner_Diaries,https://upload.wikimedia.org/wikipedia/en/3/38/Turnerdiariescover.jpg,0,0,23,0,3%,0%,1.1,200,,,,,,,
3,8,1978,https://en.wikipedia.org/wiki/G._William_Miller,https://upload.wikimedia.org/wikipedia/commons/thumb/d/db/FOMC_00478_%2813896606200%29.jpg/220px-FOMC_00478_%2813896606200%29.jpg,5,0,19,0,0%,0%,1.1,200,,,,,,,
8,26,1978,https://en.wikipedia.org/wiki/Pope_John_Paul_I,https://upload.wikimedia.org/wikipedia/commons/thumb/9/9a/Ioannes_Paulus_I%2C_by_Fotografia_Felici%2C_1978_%28cropped%29.jpg/220px-Ioannes_Paulus_I%2C_by_Fotografia_Felici%2C_1978_%28cropped%29.jpg,5,0,19,0,0%,0%,1.1,200,,,,,,,
9,28,1978,https://en.wikipedia.org/wiki/Pope_John_Paul_I#Death,https://upload.wikimedia.org/wikipedia/en/f/ff/In_God%27s_Name-_An_Investigation_into_the_Murder_of_Pope_John_Paul_I_.jpg,5,0,19,0,0%,0%,1.1,200,,,,,,,
10,16,1978,https://en.wikipedia.org/wiki/Pope_John_Paul_II,https://upload.wikimedia.org/wikipedia/commons/thumb/9/9c/ADAMELLO_-_PAPA_-_Giovanni_Paolo_II_-_panoramio_%28cropped%29.jpg/220px-ADAMELLO_-_PAPA_-_Giovanni_Paolo_II_-_panoramio_%28cropped%29.jpg,5,0,19,0,0%,0%,1.1,200,,,,,,,
3,9,1978,https://en.wikipedia.org/wiki/Deng_Xiaoping,https://upload.wikimedia.org/wikipedia/commons/thumb/d/dd/Deng_Xiaoping_at_the_arrival_ceremony_for_the_Vice_Premier_of_China_%28cropped%29.jpg/220px-Deng_Xiaoping_at_the_arrival_ceremony_for_the_Vice_Premier_of_China_%28cropped%29.jpg,5,0,19,0,0%,0%,1.1,200,,,,,,,
9,17,1978,https://en.wikipedia.org/wiki/Camp_David_Accords,https://upload.wikimedia.org/wikipedia/commons/thumb/e/ee/Close_up_of_Menahem_Begin%2C_Jimmy_Carter_and_Anwar_Sadat_at_Camp_David.%2C_09-07-1978_-_NARA_-_181133.tif/lossy-page1-200px-Close_up_of_Menahem_Begin%2C_Jimmy_Carter_and_Anwar_Sadat_at_Camp_David.%2C_09-07-1978_-_NARA_-_181133.tif.jpg,5,0,19,0,0%,0%,1.1,200,,,,,,,
8,6,1979,https://en.wikipedia.org/wiki/Paul_Volcker,https://upload.wikimedia.org/wikipedia/commons/thumb/9/9a/Paul_A._Volcker_%28James_D._Wolfensohn%29_am_19._Symposium_1989-HSGH_022-000765.jpg/220px-Paul_A._Volcker_%28James_D._Wolfensohn%29_am_19._Symposium_1989-HSGH_022-000765.jpg,5,0,19,0,0%,0%,1.1,200,,,,,,,
2,1,1979,https://en.wikipedia.org/wiki/Ruhollah_Khomeini%27s_return_to_Iran,https://upload.wikimedia.org/wikipedia/commons/thumb/0/06/Imam_Khomeini_in_Mehrabad.jpg/220px-Imam_Khomeini_in_Mehrabad.jpg,5,0,19,0,0%,0%,1.1,200,,,,,,,
3,16,1979,https://en.wikipedia.org/wiki/The_China_Syndrome,https://encrypted-tbn3.gstatic.com/images?q=tbn:ANd9GcTmbWlHBaf90Do8COwybEFR7jxNQuDJJyCUvogmCAUNRWnN3B08qexOkxatti_szR4vgO39,5,0,19,0,0%,0%,1.1,200,,,,,,,
3,26,1979,https://en.wikipedia.org/wiki/Egypt%E2%80%93Israel_peace_treaty,https://upload.wikimedia.org/wikipedia/commons/thumb/7/75/Sadat_Carter_Begin_handshake_%28cropped%29_-_USNWR.jpg/450px-Sadat_Carter_Begin_handshake_%28cropped%29_-_USNWR.jpg,27,35,25,5,-8%,24%,1.8,22,,,,,,,
3,28,1979,https://en.wikipedia.org/wiki/Three_Mile_Island_accident,https://upload.wikimedia.org/wikipedia/commons/thumb/7/7e/Three_Mile_Island_%28color%29-2.jpg/240px-Three_Mile_Island_%28color%29-2.jpg,27,35,25,5,-8%,24%,1.8,22,,,,,,,
6,1,1979,https://en.wikipedia.org/wiki/Moral_Majority,https://upload.wikimedia.org/wikipedia/commons/thumb/1/11/Jerry_Falwell_portrait.jpg/330px-Jerry_Falwell_portrait.jpg,5,0,19,0,0%,0%,1.1,200,,,,,,,
7,16,1979,https://en.wikipedia.org/wiki/Saddam_Hussein,https://upload.wikimedia.org/wikipedia/commons/thumb/9/9a/Saddam_Hussein_in_1998.png/220px-Saddam_Hussein_in_1998.png,5,0,19,0,0%,0%,1.1,200,,,,,,,
12,3,1979,https://en.wikipedia.org/wiki/Ruhollah_Khomeini,https://upload.wikimedia.org/wikipedia/commons/thumb/c/cb/Portrait_of_Ruhollah_Khomeini.jpg/220px-Portrait_of_Ruhollah_Khomeini.jpg,5,0,19,0,0%,0%,1.1,200,,,,,,,
5,6,1980,https://en.wikipedia.org/wiki/The_Empire_Strikes_Back,https://upload.wikimedia.org/wikipedia/en/thumb/3/3f/The_Empire_Strikes_Back_%281980_film%29.jpg/220px-The_Empire_Strikes_Back_%281980_film%29.jpg,5,0,19,0,0%,0%,1.1,200,,,,,,,
2,22,1980,https://en.wikipedia.org/wiki/Miracle_on_Ice,https://upload.wikimedia.org/wikipedia/en/thumb/b/bd/Sports_Illustrated_Miracle_on_Ice_cover.jpg/220px-Sports_Illustrated_Miracle_on_Ice_cover.jpg,5,0,19,0,0%,0%,1.1,200,,,,,,,
8,22,1980,https://thedailyhatch.org/2021/02/20/ronald-reagan-speech-transcript-and-video-1980/,https://www.dixongov.com/wp-content/uploads/2015/05/3749aaa8ee129d7e919bddcc7e09cd36.jpg,27,35,25,5,-8%,24%,1.8,22,,,,,,,
11,4,1980,https://en.wikipedia.org/wiki/1980_United_States_presidential_election,https://upload.wikimedia.org/wikipedia/commons/thumb/5/5c/ElectoralCollege1980.svg/348px-ElectoralCollege1980.svg.png,0,0,0,0,-10%,1%,1.9,200,,,,,,,
7,31,1981,https://en.wikipedia.org/wiki/Omar_Torrijos#Death,https://upload.wikimedia.org/wikipedia/commons/thumb/6/64/Mausoleo_de_Omar_Torrijos_%28Amador_-_Panam%C3%A1%29.jpg/800px-Mausoleo_de_Omar_Torrijos_%28Amador_-_Panam%C3%A1%29.jpg,0,13,19,13,-8%,0%,1.5,200,,,,,,,
1,20,1981,https://en.wikipedia.org/wiki/Ronald_Reagan,https://upload.wikimedia.org/wikipedia/commons/thumb/1/16/Official_Portrait_of_President_Reagan_1981.jpg/220px-Official_Portrait_of_President_Reagan_1981.jpg,5,0,19,0,0%,0%,1.1,200,,,,,,,
3,30,1981,https://en.wikipedia.org/wiki/Attempted_assassination_of_Ronald_Reagan,https://upload.wikimedia.org/wikipedia/commons/thumb/4/49/John_Hinckley_Jr._FBI_Mugshot.jpg/220px-John_Hinckley_Jr._FBI_Mugshot.jpg,5,0,19,0,0%,0%,1.1,200,,,,,,,
12,14,1981,https://en.wikipedia.org/wiki/Golan_Heights_Law,https://preview.redd.it/golan-heights-territorial-changes-1967-1981-v0-fkjvxyrrsjbb1.jpg?width=1080&crop=smart&auto=webp&s=b4763aab67e63bf7abf0d9a105ef1e293c1481f0,27,35,25,5,-8%,24%,1.8,22,,,,,,,
6,11,1982,https://en.wikipedia.org/wiki/E.T._the_Extra-Terrestrial,https://upload.wikimedia.org/wikipedia/en/6/66/E_t_the_extra_terrestrial_ver3.jpg,5,0,19,0,0%,0%,1.1,200,,,,,,,
11,12,1982,https://en.wikipedia.org/wiki/Yuri_Andropov,https://upload.wikimedia.org/wikipedia/commons/1/12/ANDROPOV1980S.jpg,5,0,19,0,0%,0%,1.1,200,,,,,,,
4,25,1982,https://israeled.org/sinai-returned-egypt/,https://israeled.org/wp-content/uploads/2016/04/image8.jpeg,26,24,33,24,0%,0%,2,200,,,,,,,
3,8,1983,https://en.wikipedia.org/wiki/Evil_Empire_speech,https://media.licdn.com/dms/image/v2/D5612AQEg6002M5j3iw/article-cover_image-shrink_720_1280/B56ZVyjnrXHQAI-/0/1741383699271?e=2147483647&v=beta&t=yP8jveTQbsWQbI8X01XTjZLt5wbIhgIXDM_tiQINOlw,26,24,33,24,0%,0%,2,200,,,,,,,
8,4,1983,https://en.wikipedia.org/wiki/1983_Upper_Voltan_coup_d%27%C3%A9tat,https://upload.wikimedia.org/wikipedia/en/thumb/0/0d/Thomas_Sankara.jpg/220px-Thomas_Sankara.jpg,5,0,19,0,0%,0%,1.1,200,,,,,,,
2,13,1984,https://en.wikipedia.org/wiki/Konstantin_Chernenko,https://upload.wikimedia.org/wikipedia/commons/thumb/a/a2/Cernenko_%28upscale%29.jpg/220px-Cernenko_%28upscale%29.jpg,5,0,19,0,0%,0%,1.1,200,,,,,,,
11,6,1984,https://en.wikipedia.org/wiki/1984_United_States_presidential_election,https://upload.wikimedia.org/wikipedia/commons/thumb/a/ab/ElectoralCollege1984.svg/348px-ElectoralCollege1984.svg.png,0,0,0,0,-10%,1%,1.9,200,,,,,,,
5,13,1985,https://en.wikipedia.org/wiki/1985_MOVE_bombing,https://upload.wikimedia.org/wikipedia/en/7/77/1985_MOVE_bombing.jpeg,5,35,29,8,-5%,25%,1.9,200,,,,,,,
3,11,1985,https://en.wikipedia.org/wiki/Mikhail_Gorbachev,https://upload.wikimedia.org/wikipedia/commons/thumb/5/57/RIAN_archive_850809_General_Secretary_of_the_CPSU_CC_M._Gorbachev_%28crop%29.jpg/220px-RIAN_archive_850809_General_Secretary_of_the_CPSU_CC_M._Gorbachev_%28crop%29.jpg,5,0,19,0,0%,0%,1.1,200,,,,,,,
1,28,1986,https://en.wikipedia.org/wiki/Space_Shuttle_Challenger_disaster,https://upload.wikimedia.org/wikipedia/commons/thumb/9/9f/Challenger_explosion.jpg/300px-Challenger_explosion.jpg,5,0,19,0,0%,0%,1.1,200,,,,,,,
4,26,1986,https://en.wikipedia.org/wiki/Chernobyl_disaster,https://upload.wikimedia.org/wikipedia/commons/thumb/8/87/IAEA_02790015_%285613115146%29.jpg/240px-IAEA_02790015_%285613115146%29.jpg,5,0,19,0,0%,0%,1.1,200,,,,,,,
3,4,1987,https://en.wikipedia.org/wiki/Iran%E2%80%93Contra_affair#Aftermath,https://i.ytimg.com/vi/C32qWrb-xtA/sddefault.jpg?sqp=-oaymwEmCIAFEOAD8quKqQMa8AEB-AGMBYAC4AOKAgwIABABGGUgSihRMA8=&rs=AOn4CLAMLwMwx4hVVrvmc_v2fWmatg69Og,26,24,33,24,0%,0%,2,200,,,,,,,
6,12,1987,https://en.wikipedia.org/wiki/Tear_down_this_wall!,https://assets2.cbsnewsstatic.com/hub/i/r/2012/06/11/a3a50490-a644-11e2-a3f0-029118418759/thumbnail/640x420/a089fffed255387c18c2b8de3b361c1b/reagan-brandenburg-142422778.JPG?v=63a2b43e2ef8917aa6bd547ca29dd4fa,26,24,33,24,0%,0%,2,200,,,,,,,
8,11,1987,https://en.wikipedia.org/wiki/Alan_Greenspan,https://upload.wikimedia.org/wikipedia/commons/thumb/e/e9/Alan_Greenspan_color_photo_portrait.jpg/220px-Alan_Greenspan_color_photo_portrait.jpg,5,0,19,0,0%,0%,1.1,200,,,,,,,
10,15,1987,https://en.wikipedia.org/wiki/1987_Burkina_Faso_coup_d%27%C3%A9tat,https://upload.wikimedia.org/wikipedia/commons/thumb/2/2b/Blaise_Compaor%C3%A9_2014-08-05.jpg/220px-Blaise_Compaor%C3%A9_2014-08-05.jpg,5,0,19,0,0%,0%,1.1,200,,,,,,,
10,19,1987,https://en.wikipedia.org/wiki/Black_Monday_(1987),https://www.goldmansachs.com/images/migrated/our-firm/history/moments/150th-multimedia/1987-black-monday/black-monday_375x525.jpg,5,0,19,0,0%,0%,1.1,200,,,,,,,
12,21,1988,https://en.wikipedia.org/wiki/Pan_Am_Flight_103,https://upload.wikimedia.org/wikipedia/commons/thumb/a/a9/Pan_Am_Flight_103._Crashed_Lockerbie%2C_Scotland%2C_21_December_1988.jpg/375px-Pan_Am_Flight_103._Crashed_Lockerbie%2C_Scotland%2C_21_December_1988.jpg,5,13,19,13,-10%,0%,1.5,200,,,,,,,
11,8,1988,https://en.wikipedia.org/wiki/1988_United_States_presidential_election,https://upload.wikimedia.org/wikipedia/commons/thumb/f/fe/ElectoralCollege1988.svg/348px-ElectoralCollege1988.svg.png,0,0,0,0,-10%,1%,1.9,200,,,,,,,
1,20,1989,https://en.wikipedia.org/wiki/George_H._W._Bush,https://upload.wikimedia.org/wikipedia/commons/thumb/e/ee/George_H._W._Bush_presidential_portrait_%28cropped%29.jpg/220px-George_H._W._Bush_presidential_portrait_%28cropped%29.jpg,5,0,19,0,0%,0%,1.1,200,,,,,,,
11,9,1989,https://en.wikipedia.org/wiki/Fall_of_the_Berlin_Wall,https://upload.wikimedia.org/wikipedia/commons/1/1c/West_and_East_Germans_at_the_Brandenburg_Gate_in_1989.jpg,5,0,19,0,0%,0%,1.1,200,,,,,,,
1,3,1990,https://en.wikipedia.org/wiki/Manuel_Noriega,https://upload.wikimedia.org/wikipedia/commons/thumb/a/ab/Manuel_Noriega_mug_shot.jpg/220px-Manuel_Noriega_mug_shot.jpg,5,0,19,0,0%,0%,1.1,200,,,,,,,
7,26,1990,https://en.wikipedia.org/wiki/Americans_with_Disabilities_Act_of_1990,https://upsideinnovations.com/wp-content/uploads/2019/12/ADACompliantLogo.jpeg,5,0,19,0,0%,0%,1.1,200,,,,,,,
12,2,1990,https://en.wikipedia.org/wiki/1990_German_federal_election,https://upload.wikimedia.org/wikipedia/commons/thumb/7/7f/1990_German_federal_election_-_Results_by_constituency.svg/400px-1990_German_federal_election_-_Results_by_constituency.svg.png,12,40,35,0,15%,25%,1.8,200,,,,,,,
12,6,1991,https://en.wikipedia.org/wiki/Star_Trek_VI:_The_Undiscovered_Country,https://upload.wikimedia.org/wikipedia/en/thumb/f/fa/Star_Trek_VI-poster.png/220px-Star_Trek_VI-poster.png,5,0,19,0,0%,0%,1.1,200,,,,,,,
12,25,1991,https://en.wikipedia.org/wiki/Dissolution_of_the_Soviet_Union,https://www.shutterstock.com/image-vector/no-communism-symbol-vector-illustration-600nw-1592364451.jpg,5,0,19,0,0%,0%,1.9,200,,,,,,,
11,3,1992,https://en.wikipedia.org/wiki/1992_United_States_presidential_election,https://upload.wikimedia.org/wikipedia/commons/thumb/6/6a/ElectoralCollege1992.svg/348px-ElectoralCollege1992.svg.png,0,0,0,0,-10%,1%,1.9,200,,,,,,,
1,20,1993,https://en.wikipedia.org/wiki/Bill_Clinton,https://upload.wikimedia.org/wikipedia/commons/thumb/d/d3/Bill_Clinton.jpg/220px-Bill_Clinton.jpg,5,0,19,0,0%,0%,1.1,200,,,,,,,
2,5,1993,https://en.wikipedia.org/wiki/Family_and_Medical_Leave_Act_of_1993,https://www.basiconline.com/wp-content/uploads/2021/07/fmla-blocks-1030x538.jpg,5,22,19,22,0%,0%,1.9,200,,,,,,,
2,26,1993,https://en.wikipedia.org/wiki/1993_World_Trade_Center_bombing,https://www.fbi.gov/image-repository/world-trade-center-bombing-1993.jpg/@@images/image/high,5,0,19,0,0%,0%,1.1,200,,,,,,,
6,11,1993,https://en.wikipedia.org/wiki/Jurassic_Park_(film),https://upload.wikimedia.org/wikipedia/en/e/e7/Jurassic_Park_poster.jpg,5,0,19,0,0%,0%,1.1,200,,,,,,,
9,13,1993,https://en.wikipedia.org/wiki/Oslo_I_Accord,https://upload.wikimedia.org/wikipedia/commons/thumb/f/f2/Bill_Clinton%2C_Yitzhak_Rabin%2C_Yasser_Arafat_at_the_White_House_1993-09-13.jpg/300px-Bill_Clinton%2C_Yitzhak_Rabin%2C_Yasser_Arafat_at_the_White_House_1993-09-13.jpg,5,0,19,0,-10%,0%,1.7,200,,,,,,,
2,21,1994,https://en.wikipedia.org/wiki/Aldrich_Ames,https://upload.wikimedia.org/wikipedia/commons/thumb/4/4f/Aldrich_Ames_mugshot.jpg/220px-Aldrich_Ames_mugshot.jpg,8,0,21,0,0%,0%,1.2,200,,,,,,,
12,5,1994,https://en.wikipedia.org/wiki/Budapest_Memorandum,https://upload.wikimedia.org/wikipedia/commons/thumb/f/fd/Presidents_after_signing_the_Trilateral_Statement%2C_Moscow%2C_1994.png/450px-Presidents_after_signing_the_Trilateral_Statement%2C_Moscow%2C_1994.png,22,20,30,20,0%,0%,1.8,200,,,,,,,
9,28,1995,https://en.wikipedia.org/wiki/Oslo_II_Accord,https://upload.wikimedia.org/wikipedia/commons/thumb/1/1d/Oslo_II_Accord_map_of_Area_A_and_B.jpg/220px-Oslo_II_Accord_map_of_Area_A_and_B.jpg,25,0,33,0,0%,0%,2.1,200,,,,,,,
11,5,1996,https://en.wikipedia.org/wiki/1996_United_States_presidential_election,https://upload.wikimedia.org/wikipedia/commons/thumb/1/12/ElectoralCollege1996.svg/348px-ElectoralCollege1996.svg.png,0,0,0,0,-10%,1%,1.9,200,,,,,,,
8,21,1996,https://en.wikipedia.org/wiki/Health_Insurance_Portability_and_Accountability_Act,https://www.hipaajournal.com/wp-content/uploads/2021/12/HIPAA-civil-monetary-penalties-2021.jpg,5,0,19,0,0%,0%,1.9,200,,,,,,,
12,19,1997,https://en.wikipedia.org/wiki/Titanic_(1997_film),https://upload.wikimedia.org/wikipedia/en/1/18/Titanic_%281997_film%29_poster.png,9,0,19,0,-4%,0%,1.2,200,,,,,,,
5,28,1998,https://en.wikipedia.org/wiki/Chagai-I,https://thediplomat.com/wp-content/uploads/2017/01/sizes/td-story-s-1/thediplomat_2017-01-05_20-57-45.jpg,22,20,30,20,0%,0%,1.8,200,,,,,,,
7,17,2000,https://en.wikipedia.org/wiki/Bashar_al-Assad,https://upload.wikimedia.org/wikipedia/commons/thumb/d/df/Bashar_al-Assad_in_May_2024.png/330px-Bashar_al-Assad_in_May_2024.png,5,0,19,0,0%,0%,1.1,200,,,,,,,
11,7,2000,https://en.wikipedia.org/wiki/2000_United_States_presidential_election,https://upload.wikimedia.org/wikipedia/commons/thumb/1/19/ElectoralCollege2000.svg/348px-ElectoralCollege2000.svg.png,0,0,0,0,-10%,1%,1.9,200,,,,,,,
1,20,2001,https://en.wikipedia.org/wiki/George_W._Bush,https://upload.wikimedia.org/wikipedia/commons/thumb/d/d4/George-W-Bush.jpeg/220px-George-W-Bush.jpeg,5,0,19,0,0%,0%,1.1,200,,,,,,,
9,11,2001,https://en.wikipedia.org/wiki/September_11_attacks,https://upload.wikimedia.org/wikipedia/commons/thumb/7/7a/Explosion_following_the_plane_impact_into_the_South_Tower_%28WTC_2%29_-_B6019~11.jpg/245px-Explosion_following_the_plane_impact_into_the_South_Tower_%28WTC_2%29_-_B6019~11.jpg,5,22,32,22,0%,0%,1.9,200,,,,,,,
11,2,2004,https://en.wikipedia.org/wiki/2004_United_States_presidential_election,https://upload.wikimedia.org/wikipedia/commons/thumb/e/e2/ElectoralCollege2004.svg/348px-ElectoralCollege2004.svg.png,0,0,0,0,-10%,1%,1.9,200,,,,,,,
12,26,2004,https://en.wikipedia.org/wiki/2004_Ukrainian_presidential_election,https://upload.wikimedia.org/wikipedia/commons/thumb/b/b1/2004_Ukrainian_presidential_election%2C_second_round_rerun.svg/450px-2004_Ukrainian_presidential_election%2C_second_round_rerun.svg.png,0,0,0,0,-10%,1%,1.3,200,,,,,,,
4,19,2005,https://en.wikipedia.org/wiki/Pope_Benedict_XVI,https://upload.wikimedia.org/wikipedia/commons/thumb/9/98/Benedykt_XVI_%282010-10-17%29_2.jpg/220px-Benedykt_XVI_%282010-10-17%29_2.jpg,5,0,19,0,0%,0%,1.1,200,,,,,,,
1,22,2006,https://en.wikipedia.org/wiki/Evo_Morales,https://upload.wikimedia.org/wikipedia/commons/thumb/f/f3/Evo_Morales_2017.jpg/330px-Evo_Morales_2017.jpg,5,0,19,0,0%,0%,1.1,200,,,,,,,
2,1,2006,https://en.wikipedia.org/wiki/Ben_Bernanke,https://upload.wikimedia.org/wikipedia/commons/thumb/3/3f/Ben_Bernanke_official_portrait.jpg/220px-Ben_Bernanke_official_portrait.jpg,5,0,19,0,0%,0%,1.1,200,,,,,,,
10,9,2006,https://en.wikipedia.org/wiki/2006_North_Korean_nuclear_test,https://upload.wikimedia.org/wikipedia/commons/thumb/f/f1/North_Korea_nuclear.svg/240px-North_Korea_nuclear.svg.png,22,20,30,20,0%,0%,1.8,200,,,,,,,
6,29,2007,https://en.wikipedia.org/wiki/Iphone,https://upload.wikimedia.org/wikipedia/commons/thumb/b/b9/Steve_Jobs_Headshot_2010-CROP.jpg/330px-Steve_Jobs_Headshot_2010-CROP.jpg,22,20,30,20,0%,0%,1.8,200,,,,,,,
1,11,2008,https://en.wikipedia.org/wiki/Bank_of_America_Home_Loans#Takeover,https://i0.wp.com/publicintegrity.org/wp-content/uploads/2018/10/1-Countrywide.jpg?ssl=1,22,15,20,15,-10%,0%,1.5,200,,,,,,,
10,3,2008,https://en.wikipedia.org/wiki/Emergency_Economic_Stabilization_Act_of_2008,https://www.politico.com/dims4/default/7394ad8/2147483647/resize/1200x/quality/90/?url=http%3A%2F%2Fs3-origin-images.politico.com%2F080919_paulson_allen.jpg,22,20,30,20,0%,0%,1.8,200,,,,,,,
2,3,2008,https://en.wikipedia.org/wiki/Helmet_Catch,"https://www.si.com/.image/c_fill,w_1200,ar_1:1,f_auto,q_auto,g_auto/MTY4MTkyMzcxNTQ3NDQ5MjQ1/tyree-960jpg.jpg",0,2,19,2,0%,0%,1.1,200,,,,,,,
2,13,2008,https://en.wikipedia.org/wiki/Economic_Stimulus_Act_of_2008,https://georgewbush-whitehouse.archives.gov/news/releases/2008/02/images/20080213-3_p021308db-0116w-250h.jpg,22,20,30,20,0%,0%,1.8,200,,,,,,,
3,14,2008,https://en.wikipedia.org/wiki/Bear_Stearns#Fed_bailout_and_sale_to_JPMorgan_Chase,https://upload.wikimedia.org/wikipedia/commons/thumb/d/d3/Bear_Stearns_Logo.svg/330px-Bear_Stearns_Logo.svg.png,0,0,0,0,-10%,60%,1.9,200,,,,,,,
9,16,2008,https://en.wikipedia.org/wiki/AIG_Financial_Products#Crisis_of_2008,https://www.investopedia.com/thmb/6DYmvTqctJyk8U6V_L5CxEtS5o8=/1500x0/filters:no_upscale():max_bytes(150000):strip_icc()/GettyImages-2172784407-01ed909977644e3594eb3586f6dbf705.jpg,17,20,29,20,-2%,0%,1.8,200,,,,,,,
7,30,2008,https://en.wikipedia.org/wiki/Housing_and_Economic_Recovery_Act_of_2008,https://i.ytimg.com/vi/D06BrP4ukRk/maxresdefault.jpg,37,8,30,8,-18%,0%,1.3,200,,,,,,,
9,1,2008,https://en.wikipedia.org/wiki/Federal_takeover_of_Fannie_Mae_and_Freddie_Mac,https://s29980.pcdn.co/wp-content/uploads/2017/01/fannie-mae-freddie-mac-logo.png,0,0,0,0,-10%,60%,1.9,200,,,,,,,
9,25,2008,https://en.wikipedia.org/wiki/Washington_Mutual,https://media.licdn.com/dms/image/v2/C4E0BAQF_ST-2qkMW6w/company-logo_200_200/company-logo_200_200/0/1630598241102/washington_mutual_bank_logo?e=2147483647&v=beta&t=02Sc8kfvYtKCTDaYmMDMItASueCIHwJWO5S_2OkbVT4,20,0,19,0,-10%,0%,1.4,200,,,,,,,
9,15,2008,https://en.wikipedia.org/wiki/Bankruptcy_of_Lehman_Brothers,https://www.library.hbs.edu/var/ezdemo_site/storage/images/microsites/lehman-brothers-1850-2008/exhibition/bankruptcy/bankruptcy/bankruptcy-slideshow/slideshow/lehman-brothers-sign-taken-into-auction-house-in-london-september-24-2010.-courtesy-of-ap-photo-kirsty-wigglesworth/895005-6-eng-US/Lehman-Brothers-sign-taken-into-Auction-House-in-London-September-24-2010.-Courtesy-of-AP-Photo-Kirsty-Wigglesworth.jpg,22,20,30,20,0%,0%,1.8,200,,,,,,,
11,27,2019,https://variety.com/2019/tv/news/dakota-johnson-ellen-degeneres-awkward-interview-birthday-1203420509/,https://s.yimg.com/ny/api/res/1.2/Yc8VUjb.YkBnbLJUMOD.Nw--/YXBwaWQ9aGlnaGxhbmRlcjt3PTk2MDtoPTk2MA--/https://media.zenfs.com/en/us_magazine_896/5e847119f67c9807669dc3cf5bb1f722,15,5,5,5,-10%,0%,1.2,200,,,,,,,
9,13,2009,https://en.wikipedia.org/wiki/Dakota_Johnson,https://www.rollingstone.com/wp-content/uploads/2009/09/9515192dW.jpg,22,20,30,20,0%,0%,1.8,200,,,,,,,
7,18,2008,https://en.wikipedia.org/wiki/The_Dark_Knight,https://upload.wikimedia.org/wikipedia/en/1/1c/The_Dark_Knight_%282008_film%29.jpg,22,20,30,20,0%,0%,1.8,200,,,,,,,
7,11,2008,https://en.wikipedia.org/wiki/IndyMac#Collapse,https://images.squarespace-cdn.com/content/v1/5aec981a697a98e28225cc01/1550183144873-BB7VPXGZGGWTLSLRG04H/IndyMackBank+logo.jpg,30,0,30,0,-10%,0%,1.5,200,,,,,,,
11,4,2008,https://en.wikipedia.org/wiki/2008_United_States_presidential_election,https://upload.wikimedia.org/wikipedia/commons/thumb/2/24/ElectoralCollege2008.svg/348px-ElectoralCollege2008.svg.png,0,0,0,0,-10%,1%,1.9,200,,,,,,,
12,11,2008,https://en.wikipedia.org/wiki/Madoff_investment_scandal,https://upload.wikimedia.org/wikipedia/commons/thumb/a/a4/BernardMadoff.jpg/330px-BernardMadoff.jpg,5,1,19,1,0%,0%,1.1,200,,,,,,,
1,20,2009,https://en.wikipedia.org/wiki/Barack_Obama,https://upload.wikimedia.org/wikipedia/commons/thumb/8/8d/President_Barack_Obama.jpg/220px-President_Barack_Obama.jpg,5,0,19,0,0%,0%,1.1,200,,,,,,,
12,18,2009,https://en.wikipedia.org/wiki/Avatar_(2009_film),https://lumiere-a.akamaihd.net/v1/images/avatar_800x1200_208c9665.jpeg?region=0%2C0%2C800%2C1200,8,0,22,0,0%,0%,1.2,200,,,,,,,
2,7,2010,https://en.wikipedia.org/wiki/2010_Ukrainian_presidential_election,https://upload.wikimedia.org/wikipedia/commons/thumb/7/76/2010_Ukrainian_presidential_election%2C_second_round.svg/450px-2010_Ukrainian_presidential_election%2C_second_round.svg.png,0,0,0,0,-10%,1%,1.3,200,,,,,,,
2,26,2012,https://en.wikipedia.org/wiki/Killing_of_Trayvon_Martin,https://upload.wikimedia.org/wikipedia/en/thumb/d/df/TrayvonMartinHooded.jpg/255px-TrayvonMartinHooded.jpg,5,0,19,0,0%,0%,1.1,200,,,,,,,
5,25,2014,https://en.wikipedia.org/wiki/2014_Ukrainian_presidential_election,https://upload.wikimedia.org/wikipedia/commons/thumb/f/f8/2014_Ukrainian_presidential_election.svg/450px-2014_Ukrainian_presidential_election.svg.png,0,0,0,0,-10%,1%,1.3,200,,,,,,,
8,9,2014,https://en.wikipedia.org/wiki/Killing_of_Michael_Brown,https://upload.wikimedia.org/wikipedia/en/5/5e/Michael_Brown_Jr.jpg,22,20,30,20,0%,0%,1.8,200,,,,,,,
8,16,2014,https://en.wikipedia.org/wiki/Gamergate_(harassment_campaign),https://assetsio.gnwcdn.com/gamergates-silver-lining-1418416604124.jpg?width=1200&height=900&fit=crop&quality=100&format=png&enable=upscale&auto=webp,0,0,0,0,-10%,1%,1.3,200,,,,,,,
1,25,2015,https://en.wikipedia.org/wiki/January_2015_Greek_parliamentary_election,https://upload.wikimedia.org/wikipedia/commons/thumb/1/1b/January_2015_Greek_Legislative_Election_Map.svg/525px-January_2015_Greek_Legislative_Election_Map.svg.png,0,20,0,0,-10%,10%,1.3,200,,,,,,,
6,30,2015,"https://www.cfr.org/timeline/greeces-debt-crisis-timeline#:~:text=The%20Greek%20government%20misses%20its,effectively%20default%20to%20the%20Fund.",https://i.ytimg.com/vi/g_yiQBe8yiQ/maxresdefault.jpg,22,20,30,20,0%,0%,1.8,200,,,,,,,
9,20,2015,https://en.wikipedia.org/wiki/September_2015_Greek_parliamentary_election,https://upload.wikimedia.org/wikipedia/commons/thumb/a/ad/September_2015_Greek_Legislative_Election_Map.svg/525px-September_2015_Greek_Legislative_Election_Map.svg.png,0,20,0,0,-10%,10%,1.3,200,,,,,,,
7,7,2019,https://en.wikipedia.org/wiki/2019_Greek_parliamentary_election,https://upload.wikimedia.org/wikipedia/commons/thumb/f/fe/2019_Greek_Legislative_Election_Map.svg/525px-2019_Greek_Legislative_Election_Map.svg.png,0,20,0,0,-10%,10%,1.3,200,,,,,,,
4,21,2019,https://en.wikipedia.org/wiki/2019_Ukrainian_presidential_election,https://upload.wikimedia.org/wikipedia/commons/thumb/6/6a/2019_Ukrainian_presidential_election%2C_round_2.svg/450px-2019_Ukrainian_presidential_election%2C_round_2.svg.png,0,0,0,0,-10%,1%,1.3,200,,,,,,,
3,18,2011,https://en.wikipedia.org/wiki/Syrian_revolution,https://upload.wikimedia.org/wikipedia/commons/thumb/9/96/Huge_demonstration_in_Homs_against_Al_Assad_regime.jpg/1280px-Huge_demonstration_in_Homs_against_Al_Assad_regime.jpg,25,20,0,20,-8%,0%,1.8,22,,,,,,,
1,21,2010,https://en.wikipedia.org/wiki/Citizens_United_v._FEC,https://upload.wikimedia.org/wikipedia/en/2/25/Citizens_United_logo.jpg,0,0,0,0,-10%,1%,1,200,,,,,,,
5,11,2010,https://en.wikipedia.org/wiki/David_Cameron,https://upload.wikimedia.org/wikipedia/commons/thumb/d/db/David_Cameron_Official_Portrait_2023_%28cropped%29.jpg/330px-David_Cameron_Official_Portrait_2023_%28cropped%29.jpg,5,0,19,0,0%,0%,1.1,200,,,,,,,
4,20,2010,https://en.wikipedia.org/wiki/Deepwater_Horizon,https://cdnph.upi.com/ph/st/th/6491587000034/2020/upi/73756afcbf763c4a28db17f1b5f25b0b/v0.7/On-This-Day-Deepwater-Horizon-oil-rig-explodes.jpg,22,20,30,20,0%,0%,1.8,200,,,,,,,
3,23,2010,https://en.wikipedia.org/wiki/Affordable_Care_Act,https://assets.medpagetoday.net/media/images/93xxx/93160.jpg,22,20,30,20,-10%,0%,1.8,200,,,,,,,
10,3,2010,https://en.wikipedia.org/wiki/Fair_Sentencing_Act,https://upload.wikimedia.org/wikipedia/commons/thumb/0/0b/Crack_street_dosage.jpg/330px-Crack_street_dosage.jpg,22,20,30,20,0%,0%,1.8,200,,,,,,,
1,9,2009,https://en.wikipedia.org/wiki/Bitcoin,https://upload.wikimedia.org/wikipedia/commons/thumb/4/46/Bitcoin.svg/225px-Bitcoin.svg.png,0,0,0,0,-10%,1%,1,200,,,,,,,
9,23,2009,https://en.prolewiki.org/wiki/Library:Gaddafi%27s_Speech_at_the_64th_UN_General_Assembly,https://unwatch.org/wp-content/uploads/2011/03/qaddafi62521.jpg,22,20,30,20,0%,0%,1.8,200,,,,,,,
9,20,2011,"https://en.wikipedia.org/wiki/Don%27t_Ask,_Don%27t_Tell_Repeal_Act_of_2010",https://modernmilitary.org/wp-content/uploads/2021/09/Modern-Military-Designs-White-01-2.png,5,0,19,0,0%,0%,1.1,200,,,,,,,
5,2,2011,https://en.wikipedia.org/wiki/Killing_of_Osama_bin_Laden,https://upload.wikimedia.org/wikipedia/commons/thumb/a/ac/Obama_and_Biden_await_updates_on_bin_Laden.jpg/1024px-Obama_and_Biden_await_updates_on_bin_Laden.jpg,25,20,0,20,-8%,0%,1.8,22,,,,,,,
11,9,2011,https://en.wikipedia.org/wiki/Penn_State_child_sex_abuse_scandal,https://static01.nyt.com/images/2013/10/29/sports/SANDUSKY/SANDUSKY-superJumbo.jpg,22,20,30,20,0%,0%,1.8,200,,,,,,,
7,21,2011,https://en.wikipedia.org/wiki/Consumer_Financial_Protection_Bureau,https://upload.wikimedia.org/wikipedia/commons/thumb/9/9d/Seal_of_the_Consumer_Financial_Protection_Bureau.svg/330px-Seal_of_the_Consumer_Financial_Protection_Bureau.svg.png,0,0,0,0,-10%,1%,1,200,,,,,,,
10,20,2011,https://en.wikipedia.org/wiki/Killing_of_Muammar_Gaddafi,https://upload.wikimedia.org/wikipedia/commons/thumb/3/36/Muammar_al-Gaddafi_at_the_AU_summit.jpg/330px-Muammar_al-Gaddafi_at_the_AU_summit.jpg,7,0,21,0,0%,0%,1.2,200,,,,,,,
10,9,2012,https://en.wikipedia.org/wiki/Malala_Yousafzai#Murder_attempt,https://upload.wikimedia.org/wikipedia/commons/thumb/0/03/Malala_Yousafzai_2023_portrait_2x3.jpg/330px-Malala_Yousafzai_2023_portrait_2x3.jpg,5,0,19,0,0%,0%,1.1,200,,,,,,,
11,6,2012,https://en.wikipedia.org/wiki/2012_United_States_presidential_election,https://upload.wikimedia.org/wikipedia/commons/thumb/4/44/ElectoralCollege2012.svg/348px-ElectoralCollege2012.svg.png,0,0,0,0,-10%,1%,1.9,200,,,,,,,
3,13,2013,https://en.wikipedia.org/wiki/Pope_Francis,https://upload.wikimedia.org/wikipedia/commons/thumb/9/95/Portrait_of_Pope_Francis_%282021%29_FXD.jpg/220px-Portrait_of_Pope_Francis_%282021%29_FXD.jpg,5,0,19,0,0%,0%,1.1,200,,,,,,,
12,14,2012,https://en.wikipedia.org/wiki/Sandy_Hook_Elementary_School_shooting,https://encrypted-tbn0.gstatic.com/images?q=tbn:ANd9GcQ3HsGaEvaWs2isBFceShPtRzsXfXezU2Kxxe8j3ZD3yeOUw1ym6hVHGGDS2ULDv-yuCjk&usqp=CAU,32,20,30,20,-10%,0%,1.8,200,,,,,,,
6,5,2013,https://en.wikipedia.org/wiki/2010s_global_surveillance_disclosures,https://upload.wikimedia.org/wikipedia/commons/thumb/3/3f/Edward_Snowden_2013-10-9_%281%29_%28cropped%29.jpg/330px-Edward_Snowden_2013-10-9_%281%29_%28cropped%29.jpg,22,20,30,20,0%,0%,1.8,200,,,,,,,
4,11,2012,https://en.wikipedia.org/wiki/Kim_Jong_Un,https://upload.wikimedia.org/wikipedia/commons/thumb/6/6e/Kim_Jong-un_April_2019_%28cropped%29.jpg/800px-Kim_Jong-un_April_2019_%28cropped%29.jpg,5,0,19,0,0%,0%,1.1,200,,,,,,,
9,11,2012,https://en.wikipedia.org/wiki/2012_Benghazi_attack,https://upload.wikimedia.org/wikipedia/en/b/bc/13_Hours_%28book%29.jpg,5,0,19,0,0%,0%,1.1,200,,,,,,,
10,28,2012,https://en.wikipedia.org/wiki/Effects_of_Hurricane_Sandy_in_New_York,https://upload.wikimedia.org/wikipedia/commons/thumb/e/e5/Sandy_2012-10-29_2015Z.png/330px-Sandy_2012-10-29_2015Z.png,22,20,30,20,0%,0%,1.8,200,,,,,,,
4,15,2013,https://en.wikipedia.org/wiki/Boston_Marathon_bombing,https://i.pinimg.com/736x/60/db/2b/60db2bb82a770278f1ddfcaa6266819b.jpg,22,20,30,20,0%,0%,1.8,200,,,,,,,
8,21,2013,https://en.wikipedia.org/wiki/Ghouta_chemical_attack,https://upload.wikimedia.org/wikipedia/commons/thumb/4/48/Sarin-3D-balls-by-AHRLS-2012.png/330px-Sarin-3D-balls-by-AHRLS-2012.png,0,0,0,0,-10%,1%,1.4,200,,,,,,,
2,3,2014,https://en.wikipedia.org/wiki/Janet_Yellen,https://upload.wikimedia.org/wikipedia/commons/thumb/3/35/Secretary_Janet_Yellen_portrait.jpg/220px-Secretary_Janet_Yellen_portrait.jpg,5,0,19,0,0%,0%,1.1,200,,,,,,,
7,13,2015,https://en.wikipedia.org/wiki/Death_of_Sandra_Bland,https://upload.wikimedia.org/wikipedia/en/thumb/6/63/Sandra_Bland_re-crop.jpg/270px-Sandra_Bland_re-crop.jpg,22,20,30,20,0%,0%,1.8,200,,,,,,,
9,2,2015,https://en.wikipedia.org/wiki/Death_of_Alan_Kurdi,https://upload.wikimedia.org/wikipedia/en/thumb/e/eb/Alan_kurdi_smiling_playground.jpg/330px-Alan_kurdi_smiling_playground.jpg,22,20,30,20,0%,0%,1.8,200,,,,,,,
6,27,2007,https://en.wikipedia.org/wiki/Gordon_Brown,https://upload.wikimedia.org/wikipedia/commons/thumb/9/97/Gordon_Brown_%282008%29.jpg/800px-Gordon_Brown_%282008%29.jpg,5,0,19,0,0%,0%,1.1,200,,,,,,,
3,21,2007,"https://en.wikipedia.org/wiki/Kim_Kardashian,_Superstar",https://upload.wikimedia.org/wikipedia/en/a/a6/Kim_Kardashian%2C_Superstar.jpg,5,0,19,0,0%,0%,1.1,200,,,,,,,
7,12,2007,"https://en.wikipedia.org/wiki/July_12,_2007,_Baghdad_airstrike",https://upload.wikimedia.org/wikipedia/commons/thumb/6/66/AH-64D_Apache_Longbow.jpg/500px-AH-64D_Apache_Longbow.jpg,22,20,30,20,0%,0%,1.8,200,,,,,,,
6,16,2015,"https://en.wikipedia.org/wiki/Donald_Trump_2016_presidential_campaign#:~:text=In%20the%20moments%20before%20his,national%20debt%2C%20and%20Islamic%20terrorism.",https://i.guim.co.uk/img/media/92f114cba55cd975868fff7a1a81d2417e9c3313/0_167_2500_1500/master/2500.jpg?width=1200&height=1200&quality=85&auto=format&fit=crop&s=ccbe2e65bb60730f521e4a22576f9dee,22,20,30,20,0%,0%,1.8,200,,,,,,,
7,30,2015,https://en.wikipedia.org/wiki/Ethereum,https://m.media-amazon.com/images/I/51T9i1l0IYL.jpg,5,0,0,0,-10%,0%,1.1,200,,,,,,,
6,26,2015,https://www.oyez.org/cases/2014/14-556,https://constitutioncenter.org/images/uploads/heros/Obergefell-v-Hodges-decision-announced.png,22,20,30,20,0%,0%,1.8,200,,,,,,,
4,3,2016,https://en.wikipedia.org/wiki/Panama_Papers,https://encrypted-tbn0.gstatic.com/images?q=tbn:ANd9GcRKAlc5I9HPaD9QAWM3-BhXIKX_CYTzn_oA8w&s,22,20,30,20,0%,0%,1.8,200,,,,,,,
8,1,2007,https://en.wikipedia.org/wiki/I-35W_Mississippi_River_bridge,https://upload.wikimedia.org/wikipedia/commons/thumb/e/e9/I35W_Bridge.jpg/488px-I35W_Bridge.jpg,22,20,30,20,0%,0%,1.8,200,,,,,,,
4,16,2007,https://en.wikipedia.org/wiki/Virginia_Tech_shooting,https://cdn.imgbin.com/18/17/13/imgbin-virginia-tech-shooting-virginia-tech-hokies-football-campus-of-virginia-tech-virginia-tech-hokies-women-s-basketball-tech-logo-1YfjPvbdw8BYE39g4MNxZ5d51.jpg,22,20,30,20,0%,0%,1.8,200,,,,,,,
11,2,2010,https://en.wikipedia.org/wiki/2010_United_States_elections,https://upload.wikimedia.org/wikipedia/commons/thumb/d/d5/2010_United_States_Senate_elections_results_map.svg/525px-2010_United_States_Senate_elections_results_map.svg.png,0,0,0,0,-10%,1%,1.9,200,,,,,,,
6,7,2006,https://en.wikipedia.org/wiki/Abu_Musab_al-Zarqawi#Death,https://upload.wikimedia.org/wikipedia/commons/7/78/Abu_Musab_al-Zarqawi_portrait.jpg,5,0,19,0,0%,0%,1.1,200,,,,,,,
12,18,2007,https://en.wikipedia.org/wiki/Treaty_of_Lisbon,https://encrypted-tbn0.gstatic.com/images?q=tbn:ANd9GcQgv9HkKoVtAnIJQkOoC4uGMl63Hw7MsYdL1Qaw-QzrRKO0In6W&s,0,0,0,0,-10%,0%,1,200,,,,,,,
7,15,2006,https://en.wikipedia.org/wiki/Twitter,https://www.omnicoreagency.com/wp-content/uploads/2015/10/Twitter-Logo.png.webp,0,0,0,0,-10%,1%,1,200,,,,,,,
2,14,2005,https://en.wikipedia.org/wiki/YouTube,https://upload.wikimedia.org/wikipedia/commons/6/62/YouTube_social_white_square_%282024%29.svg,0,0,0,0,-10%,1%,1.2,200,,,,,,,
1,16,2004,https://en.wikipedia.org/wiki/Abu_Ghraib_torture_and_prisoner_abuse,https://upload.wikimedia.org/wikipedia/commons/thumb/4/4b/AbuGhraibAbuse-standing-on-box.jpg/330px-AbuGhraibAbuse-standing-on-box.jpg,5,0,19,0,0%,0%,1.1,200,,,,,,,
2,4,2004,https://en.wikipedia.org/wiki/History_of_Facebook,https://upload.wikimedia.org/wikipedia/commons/thumb/5/51/Facebook_f_logo_%282019%29.svg/800px-Facebook_f_logo_%282019%29.svg.png,0,0,0,0,-10%,1%,1,200,,,,,,,
12,13,2003,https://en.wikipedia.org/wiki/Capture_of_Saddam_Hussein,https://upload.wikimedia.org/wikipedia/commons/thumb/c/c6/SaddamSpiderHole.jpg/330px-SaddamSpiderHole.jpg,22,20,30,20,0%,0%,1.8,200,,,,,,,
12,8,2003,"https://en.wikipedia.org/wiki/Medicare_Prescription_Drug,_Improvement,_and_Modernization_Act",https://www.horstinsurance.com/wp-content/uploads/2017/09/Part-D.png,0,0,0,0,-10%,1%,1,200,,,,,,,
7,1,2003,"https://en.wikipedia.org/wiki/Tesla,_Inc.",https://upload.wikimedia.org/wikipedia/commons/thumb/b/bd/Tesla_Motors.svg/135px-Tesla_Motors.svg.png,0,0,0,0,-10%,1%,0.8,200,,,,,,,
12,19,2003,https://en.wikipedia.org/wiki/Disarmament_of_Libya#Disarmament,https://thebulletin.org/wp-content/uploads/2014/12/1280px-Muammar_al-Gaddafi_12th_AU_Summit_090202-N-0506A-324.jpg.optimal.jpg,22,20,30,20,0%,0%,1.8,200,,,,,,,
12,27,2004,https://en.wikipedia.org/wiki/2004_Indian_Ocean_earthquake_and_tsunami,https://upload.wikimedia.org/wikipedia/commons/thumb/c/c6/Indian_Ocean_laea_relief_location_map.jpg/360px-Indian_Ocean_laea_relief_location_map.jpg,22,20,30,20,0%,0%,1.8,200,,,,,,,
3,22,2004,https://en.wikipedia.org/wiki/Killing_of_Ahmed_Yassin,https://upload.wikimedia.org/wikipedia/en/e/ee/Ahmed_Yassin.JPG,3,0,33,0,12%,0%,1.3,200,,,,,,,
12,17,2004,https://en.wikipedia.org/wiki/Intelligence_Reform_and_Terrorism_Prevention_Act,https://upload.wikimedia.org/wikipedia/commons/thumb/2/27/Seal_of_the_Office_of_the_Director_of_National_Intelligence.svg/188px-Seal_of_the_Office_of_the_Director_of_National_Intelligence.svg.png,0,0,0,0,-10%,1%,1,200,,,,,,,
10,27,2022,https://en.wikipedia.org/wiki/Acquisition_of_Twitter_by_Elon_Musk,https://upload.wikimedia.org/wikipedia/commons/thumb/c/ce/X_logo_2023.svg/165px-X_logo_2023.svg.png,0,0,0,0,-10%,1%,1,200,,,,,,,
7,31,2022,https://en.wikipedia.org/wiki/Killing_of_Ayman_al-Zawahiri,https://upload.wikimedia.org/wikipedia/commons/3/30/Ayman_al-Zawahiri_portrait.JPG,5,0,19,0,0%,0%,1.1,200,,,,,,,
12,27,2007,https://en.wikipedia.org/wiki/Assassination_of_Benazir_Bhutto,https://upload.wikimedia.org/wikipedia/commons/thumb/8/83/Memorail_of_Benazir_Bhutto.JPG/330px-Memorail_of_Benazir_Bhutto.JPG,22,20,30,20,0%,0%,1.8,200,,,,,,,
10,4,2006,https://en.wikipedia.org/wiki/WikiLeaks,https://upload.wikimedia.org/wikipedia/commons/thumb/e/e7/Wikileaks_logo.svg/188px-Wikileaks_logo.svg.png,0,0,0,0,-12%,0%,1,200,,,,,,,
12,30,2006,https://en.wikipedia.org/wiki/Execution_of_Saddam_Hussein,https://upload.wikimedia.org/wikipedia/commons/thumb/f/f6/Saddam_Hussein_at_trial%2C_July_2004-edit1.JPEG/500px-Saddam_Hussein_at_trial%2C_July_2004-edit1.JPEG,5,0,19,0,0%,0%,1.1,200,,,,,,,
9,20,2006,https://en.wikipedia.org/wiki/2006_Ch%C3%A1vez_speech_at_the_United_Nations,https://upload.wikimedia.org/wikipedia/commons/thumb/8/8a/Hugo_Rafael_Ch%C3%A1vez_Fr%C3%ADas.jpeg/330px-Hugo_Rafael_Ch%C3%A1vez_Fr%C3%ADas.jpeg,22,20,30,20,0%,0%,1.8,200,,,,,,,
6,23,2016,https://en.wikipedia.org/wiki/Brexit,https://upload.wikimedia.org/wikipedia/commons/thumb/9/97/EU-Austritt_%2847521165961%29.svg/113px-EU-Austritt_%2847521165961%29.svg.png,5,0,0,0,-9%,0%,1.1,200,,,,,,,
7,22,2016,https://en.wikipedia.org/wiki/2016_Democratic_National_Committee_email_leak,https://encrypted-tbn0.gstatic.com/images?q=tbn:ANd9GcShEHRkPY_nvNKSvPU8NCChXUh8Nb7Dq3iHDw&s,0,0,0,0,-10%,1%,1.1,200,,,,,,,
7,13,2016,https://en.wikipedia.org/wiki/Theresa_May,https://upload.wikimedia.org/wikipedia/commons/thumb/d/d1/Official_portrait_of_Baroness_May_of_Maidenhead_crop_2.jpg/330px-Official_portrait_of_Baroness_May_of_Maidenhead_crop_2.jpg,5,0,19,0,0%,0%,1.1,200,,,,,,,
9,1,2016,https://en.wikipedia.org/wiki/U.S._national_anthem_kneeling_protests,https://heightsherald.org/wp-content/uploads/2021/02/Colin-kap-725x900.jpg,11,0,11,0,-9%,0%,1.1,200,,,,,,,
10,7,2016,https://en.wikipedia.org/wiki/Donald_Trump_Access_Hollywood_tape,https://media.newyorker.com/photos/5a1c4a73b636bf4430f8cf92/master/pass/Borowitz-Trump-Access-Hollywood.jpg,22,20,30,20,0%,0%,1.8,200,,,,,,,
11,4,2016,https://en.wikipedia.org/wiki/Paris_Agreement,https://cdn.labmanager.com/assets/articleNo/27557/aImg/50161/paris-climate-agreement-goal-still-within-reach-l.jpg,0,0,0,0,-8%,0%,2,200,,,,,,,
11,8,2016,https://en.wikipedia.org/wiki/2016_United_States_presidential_election,https://upload.wikimedia.org/wikipedia/commons/thumb/e/ec/ElectoralCollege2016.svg/348px-ElectoralCollege2016.svg.png,0,0,0,0,-10%,1%,1.9,200,,,,,,,
12,6,2016,"https://en.wikipedia.org/wiki/Comet_Ping_Pong#Pizzagate_conspiracy_theory,_2016_shooting,_and_the_COVID-19_pandemic",https://miro.medium.com/v2/resize:fit:798/1*o1L4D9JmEwOLdPGq00XwRQ.jpeg,25,20,0,20,-8%,0%,1.8,22,,,,,,,
1,20,2017,https://en.wikipedia.org/wiki/Donald_Trump,https://upload.wikimedia.org/wikipedia/commons/thumb/5/56/Donald_Trump_official_portrait.jpg/220px-Donald_Trump_official_portrait.jpg,5,0,19,0,0%,0%,1.1,200,,,,,,,
2,26,2017,https://en.wikipedia.org/wiki/89th_Academy_Awards#Best_Picture_announcement_error,"https://media.vanityfair.com/photos/58b3b72993aa4b74f75b7e3a/16:9/w_1440,h_810,c_limit/oscars-flub-2017-moonlight.jpg",22,20,30,20,0%,0%,1.8,200,,,,,,,
10,15,2017,https://en.wikipedia.org/wiki/MeToo_movement,https://upload.wikimedia.org/wikipedia/commons/thumb/5/5a/MeToo_logo.svg/1920px-MeToo_logo.svg.png,5,0,19,0,-15%,50%,2,200,,,,,,,
10,1,2017,https://en.wikipedia.org/wiki/2017_Las_Vegas_shooting,https://upload.wikimedia.org/wikipedia/commons/thumb/e/e9/Lasvegassignflowers.jpg/800px-Lasvegassignflowers.jpg,5,0,19,0,0%,0%,1.1,200,,,,,,,
10,28,2017,https://en.wikipedia.org/wiki/Qanon,https://upload.wikimedia.org/wikipedia/commons/thumb/7/77/QAnon.svg/2048px-QAnon.svg.png,0,0,0,0,-5%,0%,1,200,,,,,,,
2,5,2017,https://en.wikipedia.org/wiki/Super_Bowl_LI,https://preview.redd.it/d7l5v9gcsqo21.jpg?width=640&crop=smart&auto=webp&s=7e1af3b395b5b91017940fd7cbeddf328125d579,0,0,0,0,-10%,0%,1.1,200,,,,,,,
1,1,2018,https://en.wikipedia.org/wiki/Tax_Cuts_and_Jobs_Act,https://gsg-cpa.com/wp-content/uploads/2018/02/TCJA.jpg,5,0,0,0,-10%,0%,1.1,200,,,,,,,
2,5,2018,https://en.wikipedia.org/wiki/Jerome_Powell,https://upload.wikimedia.org/wikipedia/commons/thumb/f/f0/Jerome_H._Powell%2C_Federal_Reserve_Chair_%28cropped%29.jpg/220px-Jerome_H._Powell%2C_Federal_Reserve_Chair_%28cropped%29.jpg,5,0,19,0,0%,0%,1.1,200,,,,,,,
11,4,2018,https://en.wikipedia.org/wiki/Pittsburgh_synagogue_shooting,https://www.rand.org/content/rand/pubs/commentary/2019/10/one-year-after-tree-of-life-we-still-arent-talking/_jcr_content/par/blogpost/par-blog/imagewithclass.fit.300x300.jpeg/1571863289929.jpeg,5,0,19,0,0%,0%,1.1,200,,,,,,,
12,21,2018,https://en.wikipedia.org/wiki/First_Step_Act,https://southerncoalition.org/wp-content/uploads/2022/04/first-step-act-kulture-hub.jpg,0,20,30,20,-5%,0%,1.8,200,,,,,,,
4,26,2019,https://en.wikipedia.org/wiki/Avengers:_Endgame,https://upload.wikimedia.org/wikipedia/en/0/0d/Avengers_Endgame_poster.jpg,8,0,19,0,0%,0%,1.2,200,,,,,,,
9,23,2019,https://www.npr.org/2019/09/23/763452863/transcript-greta-thunbergs-speech-at-the-u-n-climate-action-summit,https://www.commondreams.org/media-library/greta-thunberg-speaks-during-the-un-climate-action-summit-on-september-23-2019-at-the-united-nations-headquarters-in-new-york-c.jpg?id=32147519&width=1200&height=800&quality=90&coordinates=115%2C0%2C92%2C0,22,20,30,20,0%,0%,1.8,200,,,,,,,
11,10,2019,https://en.wikipedia.org/wiki/Evo_Morales#Resignation_and_political_asylum,"https://media.cnn.com/api/v1/images/stellar/prod/191110160913-bolivia-evo-morales-02.jpg?q=x_3,y_22,h_1684,w_2993,c_crop/w_1280",27,20,25,20,-8%,0%,1.8,22,,,,,,,
7,24,2019,https://en.wikipedia.org/wiki/Boris_Johnson,https://upload.wikimedia.org/wikipedia/commons/thumb/7/76/Boris_Johnson_official_portrait_%28cropped%29.jpg/330px-Boris_Johnson_official_portrait_%28cropped%29.jpg,5,0,19,0,0%,0%,1.1,200,,,,,,,
10,26,2019,https://en.wikipedia.org/wiki/Death_of_Abu_Bakr_al-Baghdadi,https://upload.wikimedia.org/wikipedia/commons/1/1a/Mugshot_of_Abu_Bakr_al-Baghdadi%2C_2004.jpg,5,0,19,0,0%,0%,1.1,200,,,,,,,
7,1,2020,https://en.wikipedia.org/wiki/United_States%E2%80%93Mexico%E2%80%93Canada_Agreement,https://capi-icpa.ca/wp-content/uploads/2018/10/USMCA_iStock-1047719640.jpg,22,20,30,20,0%,0%,1.8,200,,,,,,,
3,6,2020,"https://en.wikipedia.org/wiki/Coronavirus_Preparedness_and_Response_Supplemental_Appropriations_Act,_2020",https://upload.wikimedia.org/wikipedia/commons/thumb/4/44/President_Trump_Signs_the_Congressional_Funding_Bill_for_Coronavirus_Response_%2849627907646%29.jpg/435px-President_Trump_Signs_the_Congressional_Funding_Bill_for_Coronavirus_Response_%2849627907646%29.jpg,22,20,30,20,0%,0%,1.8,200,,,,,,,
3,11,2020,https://en.wikipedia.org/wiki/Suspension_of_the_2019%E2%80%9320_NBA_season,https://www-static2.spulsecdn.net/pics/00/02/19/73/2197390_1_O.jpg,5,0,19,0,0%,0%,1.1,200,,,,,,,
3,13,2020,https://en.wikipedia.org/wiki/Killing_of_Breonna_Taylor,https://static01.nyt.com/images/2020/05/30/us/30taylor-explainer-3/merlin_172458144_183b5d3c-d40b-4eac-b860-f7191ab65873-articleLarge.jpg?quality=75&auto=webp&disable=upscale,22,20,30,20,0%,0%,1.8,200,,,,,,,
3,18,2020,https://en.wikipedia.org/wiki/Families_First_Coronavirus_Response_Act,https://upload.wikimedia.org/wikipedia/commons/thumb/0/0a/President_Trump_Signs_the_Families_First_Coronavirus_Response_Act_%2849675702533%29.jpg/330px-President_Trump_Signs_the_Families_First_Coronavirus_Response_Act_%2849675702533%29.jpg,22,20,30,20,0%,0%,1.8,200,,,,,,,
3,27,2020,https://en.wikipedia.org/wiki/CARES_Act,https://wineamerica.org/wp-content/uploads/2020/03/CARES-ACT-close-scaled-e1585882477755.jpg,22,20,30,20,0%,0%,1.8,200,,,,,,,
4,24,2020,https://en.wikipedia.org/wiki/Paycheck_Protection_Program,https://encrypted-tbn0.gstatic.com/images?q=tbn:ANd9GcQhbV5g2QnvilkrmxCnJ61orBqjZgE2ESWbVA&s,22,20,30,20,0%,0%,1.8,200,,,,,,,
5,25,2020,https://en.wikipedia.org/wiki/Murder_of_George_Floyd,https://upload.wikimedia.org/wikipedia/en/9/9c/George_Floyd.png,5,0,19,0,0%,0%,1.1,200,,,,,,,
11,3,2020,https://en.wikipedia.org/wiki/2020_United_States_presidential_election,https://upload.wikimedia.org/wikipedia/commons/thumb/4/49/ElectoralCollege2020.svg/348px-ElectoralCollege2020.svg.png,0,0,0,0,-10%,1%,1.9,200,,,,,,,
11,7,2020,https://en.wikipedia.org/wiki/2020_United_States_presidential_election#Election_calls,https://upload.wikimedia.org/wikipedia/commons/thumb/8/8b/Biden_victory_celebration_at_Black_Lives_Matter_plaza%2C_Washington%2C_D.C..jpg/220px-Biden_victory_celebration_at_Black_Lives_Matter_plaza%2C_Washington%2C_D.C..jpg,27,20,25,20,-8%,0%,1.8,22,,,,,,,
12,27,2020,"https://en.wikipedia.org/wiki/Consolidated_Appropriations_Act,_2021",https://upload.wikimedia.org/wikipedia/commons/thumb/6/60/President_Trump_Signs_H.R._133_%2850773855346%29.jpg/330px-President_Trump_Signs_H.R._133_%2850773855346%29.jpg,22,20,30,20,0%,0%,1.8,200,,,,,,,
1,6,2021,https://en.wikipedia.org/wiki/January_6_United_States_Capitol_attack,https://upload.wikimedia.org/wikipedia/commons/thumb/4/4f/2021_storming_of_the_United_States_Capitol_DSC09254-2_%2850820534063%29_%28retouched%29.jpg/1280px-2021_storming_of_the_United_States_Capitol_DSC09254-2_%2850820534063%29_%28retouched%29.jpg,27,20,25,20,-8%,0%,1.8,22,,,,,,,
1,28,2021,https://en.wikipedia.org/wiki/GameStop_short_squeeze,"https://ih1.redbubble.net/image.2098815601.5085/bg,f8f8f8-flat,750x,075,f-pad,750x1000,f8f8f8.jpg",22,20,30,20,0%,0%,1.8,200,,,,,,,
1,20,2021,https://en.wikipedia.org/wiki/Joe_Biden,https://upload.wikimedia.org/wikipedia/commons/thumb/6/68/Joe_Biden_presidential_portrait.jpg/220px-Joe_Biden_presidential_portrait.jpg,5,0,19,0,0%,0%,1.1,200,,,,,,,
3,11,2021,https://en.wikipedia.org/wiki/American_Rescue_Plan_Act_of_2021,https://upload.wikimedia.org/wikipedia/commons/thumb/e/e7/Senate_Majority_Leader_Chuck_Schumer_%28D-NY%29%2C_Speaker_of_the_House_Nancy_Pelosi_%28D-CA%29_and_Democrats_in_Congress_held_an_enrollment_ceremony_for_H.R._1319%2C_the_American_Rescue_Plan_Act_%2851029356816%29.jpg/1024px-thumbnail.jpg,22,20,30,20,0%,0%,1.8,200,,,,,,,
11,15,2021,https://en.wikipedia.org/wiki/Infrastructure_Investment_and_Jobs_Act,https://www.wfxrtv.com/wp-content/uploads/sites/20/2021/11/AP21222751738457.jpg?w=640,22,20,30,20,0%,0%,1.8,200,,,,,,,
2,18,2018,https://en.wikipedia.org/wiki/Parkland_high_school_shooting,https://upload.wikimedia.org/wikipedia/commons/e/e6/Parkland_Shooting.jpg,22,20,30,20,0%,0%,1.8,200,,,,,,,
2,24,2022,https://en.wikipedia.org/wiki/Russian_invasion_of_Ukraine,https://upload.wikimedia.org/wikipedia/commons/thumb/3/39/Map_of_Ukraine%2C_including_disputed_regions.svg/330px-Map_of_Ukraine%2C_including_disputed_regions.svg.png,27,20,25,20,-8%,0%,1.8,22,,,,,,,
5,25,2022,https://en.wikipedia.org/wiki/Uvalde_school_shooting,https://upload.wikimedia.org/wikipedia/commons/thumb/a/a5/Robb_Elementary_School.png/330px-Robb_Elementary_School.png,22,20,30,20,0%,0%,1.8,200,,,,,,,
6,24,2022,https://www.oyez.org/cases/2021/19-1392,https://images.squarespace-cdn.com/content/v1/5cb4edda94d71acb46468830/1655483211765-GW8SNFJ51X1GEIRT9DGN/20211201031240_71312da580d35bab21bc5698ec8751a931e82136bb01a62385e26989d47ee4e4.jpg?format=1000w,27,20,25,20,-8%,0%,1.8,22,,,,,,,
1,28,2022,https://en.wikipedia.org/wiki/Fern_Hollow_Bridge#Collapse,https://upload.wikimedia.org/wikipedia/commons/thumb/e/e1/Fern_Hollow_Bridge_after_collapse_on_28_Jan_2022.jpg/1024px-Fern_Hollow_Bridge_after_collapse_on_28_Jan_2022.jpg,22,20,30,20,0%,0%,1.8,200,,,,,,,
8,9,2022,https://en.wikipedia.org/wiki/CHIPS_and_Science_Act,https://optica-org-web-afd-f9abf4byhbacgfgk.z02.azurefd.net/optica/media/optica/getinvolved/global%20policy%20and%20affairs/chips_logo_social.png?%20width=295&height=166,22,20,30,20,-10%,0%,1.8,200,,,,,,,
7,8,2022,https://en.wikipedia.org/wiki/Assassination_of_Shinzo_Abe,https://ichef.bbci.co.uk/ace/ws/640/cpsprodpb/0570/production/_125829310_hi077233065.jpg.webp,0,20,30,20,0%,0%,1.8,200,,,,,,,
8,16,2022,https://en.wikipedia.org/wiki/Inflation_Reduction_Act,https://images.squarespace-cdn.com/content/v1/5fad7390f44df56affb65963/da7a2741-d4c7-4176-81c2-c669146c8b0c/Inflation+Reduction+Act+2022+3.jpg,22,20,30,20,0%,0%,1.8,200,,,,,,,
9,8,2022,https://en.wikipedia.org/wiki/Charles_III,https://upload.wikimedia.org/wikipedia/commons/thumb/a/ac/King_Charles_III_%28July_2023%29.jpg/220px-King_Charles_III_%28July_2023%29.jpg,5,0,19,0,0%,0%,1.1,200,,,,,,,
9,6,2022,https://en.wikipedia.org/wiki/Liz_Truss,https://upload.wikimedia.org/wikipedia/commons/thumb/7/79/Official_portrait_of_Liz_Truss_%28cropped%29.jpg/330px-Official_portrait_of_Liz_Truss_%28cropped%29.jpg,5,0,19,0,0%,0%,1.1,200,,,,,,,
10,25,2022,https://en.wikipedia.org/wiki/Rishi_Sunak,https://upload.wikimedia.org/wikipedia/commons/thumb/a/ab/Portrait_of_Prime_Minister_Rishi_Sunak_%28cropped%29.jpg/330px-Portrait_of_Prime_Minister_Rishi_Sunak_%28cropped%29.jpg,5,0,19,0,0%,0%,1.1,200,,,,,,,
11,11,2022,https://en.wikipedia.org/wiki/Bankruptcy_of_FTX,"https://platform.theverge.com/wp-content/uploads/sites/2/chorus/uploads/chorus_asset/file/24038412/STK136_K_Radtke_FTX_02.jpg?quality=90&strip=all&crop=0,0,100,100",22,20,30,20,0%,0%,1.8,200,,,,,,,
11,30,2022,https://en.wikipedia.org/wiki/ChatGPT,https://upload.wikimedia.org/wikipedia/commons/thumb/e/ef/ChatGPT-Logo.svg/180px-ChatGPT-Logo.svg.png,5,0,0,0,-5%,0%,1.1,200,,,,,,,
1,9,2023,https://en.wikipedia.org/wiki/Juliaca_massacre,https://upload.wikimedia.org/wikipedia/commons/thumb/6/66/Protesta_contra_Dina_Boluarte_en_Lima%2C_2023_%2814%29.jpg/330px-Protesta_contra_Dina_Boluarte_en_Lima%2C_2023_%2814%29.jpg,22,20,30,20,0%,0%,1.8,200,,,,,,,
3,8,2023,https://en.wikipedia.org/wiki/Silvergate_Bank#Liquidation,https://www.fintechfutures.com/files/2024/07/CBLoZGkV_400x400.png,22,20,30,20,0%,0%,1.8,200,,,,,,,
3,10,2023,https://en.wikipedia.org/wiki/Collapse_of_Silicon_Valley_Bank,https://www.fintechfutures.com/files/2017/10/SVB.jpg,5,0,0,0,-7%,0%,1.1,200,,,,,,,
3,12,2023,https://en.wikipedia.org/wiki/Signature_Bank#Collapse,https://media.licdn.com/dms/image/v2/D4E0BAQHvYlORbcnxMw/company-logo_200_200/company-logo_200_200/0/1732204216104/signature_bank_3_logo?e=2147483647&v=beta&t=SzWloLcKF68pc83E-SvWchB4bWYoJu-cXu536sng0ME,5,0,19,0,0%,0%,1.1,200,,,,,,,
3,19,2023,https://en.wikipedia.org/wiki/Acquisition_of_Credit_Suisse_by_UBS,https://encrypted-tbn0.gstatic.com/images?q=tbn:ANd9GcTHsKCaLY0IY-adJoJHobjVUJmJ30pHaT_gGQ&s,5,0,0,0,-10%,0%,1.1,200,,,,,,,
4,15,2023,https://en.wikipedia.org/wiki/Sudanese_civil_war_(2023%E2%80%93present),"https://www.economist.com/cdn-cgi/image/width=1424,quality=80,format=auto/content-assets/images/20230422_MAM960.png",27,20,25,20,-8%,0%,1.8,22,,,,,,,
4,14,2023,https://en.wikipedia.org/wiki/Nuclear_power_in_Germany#Closures_and_phase-out,https://www.commondreams.org/media-library/greenpeace-activists-protest-against-nuclear-power-at-germany-s-three-remaining-nuclear-power-plants-using-projectors-on-march-9.jpg?id=33477788&width=1200&height=800&quality=90&coordinates=0%2C0%2C0%2C0,22,20,30,20,0%,0%,1.8,200,,,,,,,
5,1,2023,https://en.wikipedia.org/wiki/First_Republic_Bank#Collapse,https://img.ctykit.com/cdn/ca-downtown-sf/images/tr:w-1800/first-republic-bank-logo.jpg,22,20,30,20,0%,0%,1.8,200,,,,,,,
6,18,2023,https://en.wikipedia.org/wiki/Titan_submersible_implosion,https://encrypted-tbn0.gstatic.com/images?q=tbn:ANd9GcTebOg-xZx4xtH54DUxQMGbJ3tnRAeJLE7KpQ&s,22,20,30,20,0%,0%,1.8,200,,,,,,,
7,20,2023,https://en.wikipedia.org/wiki/FedNow,https://patomak.com/wp-content/uploads/2023/07/FedNow-Federal-Reserves-Instant-Payment-Service-Has-Arrived.png,22,20,30,20,0%,0%,1.8,200,,,,,,,
7,21,2023,https://en.wikipedia.org/wiki/Barbenheimer,https://coltchronicle.org/wp-content/uploads/2023/07/barbie.jpeg,22,20,30,20,0%,0%,1.8,200,,,,,,,
7,23,2023,https://en.wikipedia.org/wiki/Nigerien_crisis_(2023%E2%80%932024),https://upload.wikimedia.org/wikipedia/commons/thumb/3/3f/2023_Nigerien_Crisis.svg/450px-2023_Nigerien_Crisis.svg.png,27,20,25,20,-8%,0%,1.8,22,,,,,,,
10,7,2023,https://en.wikipedia.org/wiki/October_7_Hamas-led_attack_on_Israel,"https://ih1.redbubble.net/image.5634657493.2073/fposter,small,wall_texture,product,750x1000.jpg",22,20,30,20,0%,0%,1.8,200,,,,,,,
12,10,2023,https://en.wikipedia.org/wiki/Javier_Milei,https://upload.wikimedia.org/wikipedia/commons/thumb/2/20/Javier_Milei_by_Gage_Skidmore.jpg/330px-Javier_Milei_by_Gage_Skidmore.jpg,5,0,19,0,0%,0%,1.1,200,,,,,,,
11,22,2023,https://en.wikipedia.org/wiki/2023_Dutch_general_election,https://upload.wikimedia.org/wikipedia/commons/thumb/8/85/Tweede_Kamerverkiezingen_2023_map.svg/435px-Tweede_Kamerverkiezingen_2023_map.svg.png,5,0,19,0,0%,0%,1.1,200,,,,,,,
2,16,2024,https://en.wikipedia.org/wiki/Death_and_funeral_of_Alexei_Navalny,https://upload.wikimedia.org/wikipedia/commons/thumb/3/3d/Navalny_vs_Pamfilova1_%28cropped%29.jpg/330px-Navalny_vs_Pamfilova1_%28cropped%29.jpg,5,0,19,0,0%,0%,1.1,200,,,,,,,
3,26,2024,https://en.wikipedia.org/wiki/Francis_Scott_Key_Bridge_collapse,https://upload.wikimedia.org/wikipedia/commons/thumb/e/e6/Francis_Scott_Key_Bridge_and_Cargo_Ship_Dali_NTSB_view_%28cropped%29.jpg/360px-Francis_Scott_Key_Bridge_and_Cargo_Ship_Dali_NTSB_view_%28cropped%29.jpg,27,20,25,20,-8%,0%,1.8,22,,,,,,,
4,8,2024,"https://en.wikipedia.org/wiki/Solar_eclipse_of_April_8,_2024",https://upload.wikimedia.org/wikipedia/commons/thumb/5/52/2024_Total_Solar_Eclipse_%28NHQ202404080102%29.jpg/480px-2024_Total_Solar_Eclipse_%28NHQ202404080102%29.jpg,27,20,25,20,-8%,0%,1.8,22,,,,,,,
5,19,2024,https://en.wikipedia.org/wiki/2024_Varzaqan_helicopter_crash,https://upload.wikimedia.org/wikipedia/commons/thumb/7/71/Ebrahim_Raisi_%2819.05.2024%29_%28cropped%29.jpg/330px-Ebrahim_Raisi_%2819.05.2024%29_%28cropped%29.jpg,5,0,19,0,0%,0%,1.1,200,,,,,,,
5,30,2024,https://en.wikipedia.org/wiki/Prosecution_of_Donald_Trump_in_New_York,https://i.abcnewsfe.com/a/d4130d09-b56c-4cb4-978c-c0e3692ed521/trump6-gty-ml-240521_1716299497433_hpMain_16x9.jpg?w=992,27,20,25,20,-8%,0%,1.8,22,,,,,,,
6,2,2024,https://en.wikipedia.org/wiki/2024_Mexican_general_election,https://upload.wikimedia.org/wikipedia/commons/thumb/6/64/Elecciones_presidenciales_de_M%C3%A9xico_de_2024_por_entidad_federativa.svg/450px-Elecciones_presidenciales_de_M%C3%A9xico_de_2024_por_entidad_federativa.svg.png,0,0,0,28,-10%,-15%,1.3,200,,,,,,,
6,27,2024,https://en.wikipedia.org/wiki/2024_Joe_Biden%E2%80%93Donald_Trump_presidential_debate,https://media.npr.org/assets/img/2024/06/26/gettyimages-1229228819-6b1709d16d8bfe4acb1f5da730118966447fa13c.jpg?s=1100&c=50&f=jpeg,5,0,0,0,0%,0%,1.1,200,,,,,,,
7,5,2024,https://en.wikipedia.org/wiki/Keir_Starmer,https://upload.wikimedia.org/wikipedia/commons/thumb/9/91/Prime_Minister_Keir_Starmer_Portrait_%28cropped%29.jpg/330px-Prime_Minister_Keir_Starmer_Portrait_%28cropped%29.jpg,5,0,19,0,0%,0%,1.1,200,,,,,,,
7,13,2024,https://en.wikipedia.org/wiki/Attempted_assassination_of_Donald_Trump_in_Pennsylvania,https://encrypted-tbn0.gstatic.com/images?q=tbn:ANd9GcT5yjO18bXd9sVsWRBcgXA_aj77q3aZ3CwtSg&s,5,0,19,0,0%,0%,1.1,200,,,,,,,
7,21,2024,https://en.wikipedia.org/wiki/Withdrawal_of_Joe_Biden_from_the_2024_United_States_presidential_election,https://upload.wikimedia.org/wikipedia/commons/thumb/0/0e/President_Joe_Biden_delivers_remarks_from_the_Oval_Office_4.jpg/360px-President_Joe_Biden_delivers_remarks_from_the_Oval_Office_4.jpg,5,0,19,0,0%,0%,1.1,200,,,,,,,
7,28,2024,https://en.wikipedia.org/wiki/2024_Venezuelan_protests,https://upload.wikimedia.org/wikipedia/commons/c/c2/2024_Venezuela_protests_06.jpg,27,20,25,20,-8%,0%,1.8,22,,,,,,,
7,31,2024,https://en.wikipedia.org/wiki/Assassination_of_Ismail_Haniyeh,https://upload.wikimedia.org/wikipedia/commons/thumb/4/4e/03-03-2020_Ismail_Haniyeh_%28cropped%29.jpg/220px-03-03-2020_Ismail_Haniyeh_%28cropped%29.jpg,5,0,19,0,0%,0%,1.1,200,,,,,,,
9,10,2024,"https://en.wikipedia.org/wiki/2024_United_States_presidential_debates#September_10:_Second_presidential_debate_(ABC,_Philadelphia)",https://encrypted-tbn0.gstatic.com/images?q=tbn:ANd9GcQtDYf9_5YEtPAtVTF-4g214V8NjHGjQOnFaw&s,5,0,0,0,0%,0%,1.1,200,,,,,,,
10,16,2024,https://en.wikipedia.org/wiki/Killing_of_Yahya_Sinwar,https://upload.wikimedia.org/wikipedia/commons/thumb/2/22/Yahya_Sinwar._October_16%2C_2024._II_%28cropped%29.jpg/390px-Yahya_Sinwar._October_16%2C_2024._II_%28cropped%29.jpg,27,20,26,20,-8%,0%,1.8,22,,,,,,,
11,5,2024,https://en.wikipedia.org/wiki/2024_United_States_presidential_election,https://upload.wikimedia.org/wikipedia/commons/thumb/f/f7/ElectoralCollege2024.svg/348px-ElectoralCollege2024.svg.png,0,0,0,0,-10%,1%,1.9,200,,,,,,,
12,4,2024,https://en.wikipedia.org/wiki/Killing_of_Brian_Thompson,https://upload.wikimedia.org/wikipedia/en/thumb/9/91/Brian_Thompson.webp/225px-Brian_Thompson.webp.png,5,0,22,0,0%,0%,1.2,200,,,,,,,
12,8,2024,"https://en.wikipedia.org/wiki/Fall_of_the_Assad_regime#:~:text=On%208%20December%202024%2C%20the,the%20Syrian%20revolution%20in%202011.",https://upload.wikimedia.org/wikipedia/commons/c/cd/Syrians_celebrate_the_fall_of_Assad_at_the_Umayyad_mosque%2C_14_December_2024.jpg,0,23,0,23,-8%,0%,2,22,,,,,,,
12,9,2024,https://en.wikipedia.org/wiki/Killing_of_Brian_Thompson#Arrest_and_charges,https://upload.wikimedia.org/wikipedia/en/d/d3/Photo_of_Luigi_Mangione_taken_by_the_Pennsylvania_State_Police_in_Altoona%2C_PA.png,8,0,22,0,0%,0%,1.2,200,,,,,,,
1,20,2025,https://en.wikipedia.org/wiki/Donald_Trump,https://upload.wikimedia.org/wikipedia/commons/thumb/5/56/Donald_Trump_official_portrait.jpg/220px-Donald_Trump_official_portrait.jpg,5,0,19,0,0%,0%,1.1,200,,,,,,,
1,29,2025,https://en.wikipedia.org/wiki/2025_Potomac_River_mid-air_collision,https://upload.wikimedia.org/wikipedia/commons/thumb/c/cf/Preliminary_map_for_2025_Potomac_River_mid-air_collision.jpg/800px-Preliminary_map_for_2025_Potomac_River_mid-air_collision.jpg,25,20,25,20,-8%,0%,1.7,22,,,,,,,
2,28,2025,https://en.wikipedia.org/wiki/2025_Trump%E2%80%93Zelenskyy_meeting,https://encrypted-tbn0.gstatic.com/images?q=tbn:ANd9GcRv58pOZvegcjCRzI_Mm1-DLUCS0lamJLts0A&s,27,35,25,5,-8%,24%,1.8,22,,,,,,,
2,23,2025,https://en.wikipedia.org/wiki/2025_German_federal_election,https://upload.wikimedia.org/wikipedia/commons/thumb/6/6b/2025_German_federal_election.svg/600px-2025_German_federal_election.svg.png,0,0,0,28,-10%,-15%,1.3,200,,,,,,,
3,14,2025,https://en.wikipedia.org/wiki/Mark_Carney,https://upload.wikimedia.org/wikipedia/commons/thumb/b/bd/Mark_Carney_in_2020_-_Climate_Finance_%28cropped%29.jpg/330px-Mark_Carney_in_2020_-_Climate_Finance_%28cropped%29.jpg,5,0,19,0,0%,0%,1.1,200,,,,,,,
11,3,2026,https://en.wikipedia.org/wiki/2026_United_States_elections,https://upload.wikimedia.org/wikipedia/commons/thumb/1/1f/2026_United_States_Senate_elections_retirements_map.svg/350px-2026_United_States_Senate_elections_retirements_map.svg.png,0,0,0,0,-10%,1%,1.9,200,,,,,,,
11,7,2028,https://en.wikipedia.org/wiki/2028_United_States_presidential_election,https://upload.wikimedia.org/wikipedia/commons/thumb/2/20/Electoral_College_2028.svg/348px-Electoral_College_2028.svg.png,0,0,0,0,-10%,1%,1.9,200,,,,,,,
7,8,1982,https://en.wikipedia.org/wiki/Dujail_massacre,https://newsimg.bbc.co.uk/media/images/41524000/jpg/_41524246_dujailgetty203b.jpg,22,20,30,20,0%,0%,1.8,200,,,,,,,
3,16,1988,https://en.wikipedia.org/wiki/Halabja_massacre,https://upload.wikimedia.org/wikipedia/commons/thumb/0/0b/Omer_Khawar_and_his_infant_by_Mehdi_Jamshidi.jpg/1024px-Omer_Khawar_and_his_infant_by_Mehdi_Jamshidi.jpg,22,20,30,20,0%,0%,1.8,200,,,,,,,
12,20,2019,https://en.wikipedia.org/wiki/SECURE_Act,https://billkinkel.com/wp-content/uploads/2022/09/secure-act.jpg,22,20,30,20,0%,0%,1.8,200,,,,,,,
12,29,2022,https://en.wikipedia.org/wiki/SECURE_2.0_Act,https://ppgpartners.net/sites/default/files/2023-01/SECURE-Act-2.0.jpg,22,20,30,20,0%,0%,1.8,200,,,,,,,
2,5,2003,https://en.wikipedia.org/wiki/Colin_Powell%27s_presentation_to_the_United_Nations_Security_Council,https://upload.wikimedia.org/wikipedia/commons/b/ba/Colin_Powell_anthrax_vial._5_Feb_2003_at_the_UN.jpg,22,20,30,20,0%,0%,1.8,200,,,,,,,
2,1,2003,https://en.wikipedia.org/wiki/Space_Shuttle_Columbia_disaster,https://upload.wikimedia.org/wikipedia/commons/thumb/7/77/STS-107_Flight_Insignia.svg/450px-STS-107_Flight_Insignia.svg.png,0,0,0,0,-14%,1%,0.9,200,,,,,,,
12,1,2002,https://en.wikipedia.org/wiki/George_Tenet#Iraq_WMD_controversy,https://upload.wikimedia.org/wikipedia/commons/thumb/f/f0/George_Tenet_portrait_headshot.jpg/330px-George_Tenet_portrait_headshot.jpg,5,0,19,0,0%,0%,1.1,200,,,,,,,
12,1,2001,https://en.wikipedia.org/wiki/Enron_scandal#,https://upload.wikimedia.org/wikipedia/commons/thumb/3/3f/Logo_de_Enron.svg/330px-Logo_de_Enron.svg.png,0,0,0,0,-14%,1%,1,200,,,,,,,
10,26,2001,https://en.wikipedia.org/wiki/Patriot_Act,"https://media-cldnry.s-nbcnews.com/image/upload/t_fit-760w,f_auto,q_auto:best/newscms/2015_22/1052851/150531-patriot-act-jsw-940a.jpg",22,20,30,20,0%,0%,1.8,200,,,,,,,
1,8,2002,https://en.wikipedia.org/wiki/No_Child_Left_Behind_Act,https://upload.wikimedia.org/wikipedia/commons/thumb/2/2b/No_Child_Left_Behind_Act.jpg/330px-No_Child_Left_Behind_Act.jpg,22,20,30,20,0%,0%,1.8,200,,,,,,,
12,10,2015,https://en.wikipedia.org/wiki/Every_Student_Succeeds_Act,https://upload.wikimedia.org/wikipedia/commons/thumb/2/26/President_Barack_Obama_signs_Every_Student_Succeeds_Act_%28ESSA%29.jpg/330px-President_Barack_Obama_signs_Every_Student_Succeeds_Act_%28ESSA%29.jpg,22,20,30,20,0%,0%,1.8,200,,,,,,,
1,15,2001,https://en.wikipedia.org/wiki/Wikipedia:Wikipedia_Day,https://en.wikipedia.org/static/images/icons/wikipedia.png,0,0,0,0,-7%,0%,1,200,,,,,,,
11,25,2002,https://en.wikipedia.org/wiki/Homeland_Security_Act_of_2002,https://upload.wikimedia.org/wikipedia/commons/thumb/8/8a/Seal_of_the_United_States_Department_of_Homeland_Security.svg/263px-Seal_of_the_United_States_Department_of_Homeland_Security.svg.png,0,0,0,0,-7%,0%,1,200,,,,,,,
10,16,2002,https://en.wikipedia.org/wiki/Authorization_for_Use_of_Military_Force_Against_Iraq_Resolution_of_2002,https://idahocapitalsun.com/wp-content/uploads/2023/03/GettyImages-72677084.jpg,22,20,30,20,0%,0%,1.8,200,,,,,,,
12,12,2000,https://en.wikipedia.org/wiki/Bush_v._Gore,https://pyxis.nymag.com/v1/imgs/575/037/8308b367fbfb0916c89ee860a27fc44f6c-25-bush-vs-gore.rsquare.w400.jpg,22,20,30,20,0%,0%,1.8,200,,,,,,,
1,1,2000,https://en.wikipedia.org/wiki/Year_2000_problem,https://www.thoughtco.com/thmb/Lnpnkz5rWzTyScGzppzkbOuO0Kc=/1500x0/filters:no_upscale():max_bytes(150000):strip_icc()/GettyImages-122034671-a25ff45aefe545f7909afeda54fd960f.jpg,22,20,30,20,0%,0%,1.8,200,,,,,,,
1,1,1999,https://en.wikipedia.org/wiki/Euro,https://assets.bwbx.io/images/users/iqjWHBFdfxIU/iX8sEJByJRcY/v1/-1x-1.webp,22,20,30,20,0%,0%,1.8,200,,,,,,,
3,8,1862,https://en.wikipedia.org/wiki/Battle_of_Hampton_Roads,https://upload.wikimedia.org/wikipedia/commons/thumb/6/6e/Battle_of_Hampton_Roads_3g01752u.jpg/450px-Battle_of_Hampton_Roads_3g01752u.jpg,22,20,30,20,0%,0%,1.8,200,,,,,,,
3,9,1862,https://en.wikipedia.org/wiki/USS_Monitor#Battle_of_Hampton_Roads,https://upload.wikimedia.org/wikipedia/commons/thumb/1/18/The_Monitor_and_Merrimac.jpg/1024px-The_Monitor_and_Merrimac.jpg,22,20,30,20,0%,0%,1.8,200,,,,,,,
10,6,1998,https://en.wikipedia.org/wiki/Matthew_Shepard,https://upload.wikimedia.org/wikipedia/en/4/4c/Matthew_Shepard.jpg,5,0,19,0,0%,0%,1.1,200,,,,,,,
10,22,2009,https://en.wikipedia.org/wiki/Matthew_Shepard_and_James_Byrd_Jr._Hate_Crimes_Prevention_Act,https://encrypted-tbn0.gstatic.com/images?q=tbn:ANd9GcQYx40F_7FjGfvqoYUhIC43_UA_17bHy7PYOA&s,0,0,0,0,-7%,0%,1,200,,,,,,,
6,7,1998,https://en.wikipedia.org/wiki/Murder_of_James_Byrd_Jr.,https://upload.wikimedia.org/wikipedia/en/thumb/9/93/JamesByrdJr..jpg/330px-JamesByrdJr..jpg,22,20,30,20,0%,0%,1.8,200,,,,,,,
1,1,2009,https://en.wikipedia.org/wiki/Killing_of_Oscar_Grant,https://upload.wikimedia.org/wikipedia/en/1/1f/Police_handcuffing_Oscar_Grant.png,22,20,30,20,0%,0%,1.8,200,,,,,,,
9,23,1998,https://en.wikipedia.org/wiki/Long-Term_Capital_Management,https://m.media-amazon.com/images/I/71IuJdGPf4L.jpg,5,0,19,0,0%,0%,1.2,200,,,,,,,
8,17,1998,https://en.wikipedia.org/wiki/1998_Russian_financial_crisis,https://cdn3.vectorstock.com/i/1000x1000/36/87/russia-map-financial-crisis-economic-collapse-vector-24503687.jpg,22,20,30,20,0%,0%,1.8,200,,,,,,,
7,2,1997,https://en.wikipedia.org/wiki/1997_Asian_financial_crisis,https://encrypted-tbn0.gstatic.com/images?q=tbn:ANd9GcTO_Qm2twvr6MkhiDnteMne7u7UFFEb3A5ycvmo4AvrWL8P6bj560gg_670hCu_FFK3PnI&usqp=CAU,22,20,30,20,0%,0%,1.8,200,,,,,,,
9,4,1998,https://en.wikipedia.org/wiki/History_of_Google,https://yt3.googleusercontent.com/K8WVrQAQHTTwsHEtisMYcNai7p7XIlyEAdZg86qYw78ye57r5DRemHQ9Te4PcD_v98HB-ZvQjQ=s900-c-k-c0x00ffffff-no-rj,0,0,0,0,-7%,0%,1,200,,,,,,,
2,28,1998,https://en.wikipedia.org/wiki/Lancet_MMR_autism_fraud,https://www.unicef.org/montenegro/sites/unicef.org.montenegro/files/styles/hero_extended/public/VIZUALI%202021-05-08%20-%20Tacno%20netacno%20ENG%20-%20MMR.png.webp?itok=XeAGfr-z,22,20,30,20,0%,0%,1.8,200,,,,,,,
9,9,1998,https://en.wikipedia.org/wiki/Starr_Report,https://s.abcnews.com/images/US/kenneth-starr-gty-jc-181231_hpEmbed_3x2_992.jpg,22,20,30,20,0%,0%,1.8,200,,,,,,,
10,16,1998,https://en.wikipedia.org/wiki/Indictment_and_arrest_of_Augusto_Pinochet,https://www.aljazeera.com/wp-content/uploads/2006/12/1_202709_1_5.jpeg?resize=270%2C180&quality=80,22,20,30,20,0%,0%,1.8,200,,,,,,,
5,2,1997,https://en.wikipedia.org/wiki/Tony_Blair,https://upload.wikimedia.org/wikipedia/commons/thumb/8/8e/Tony_Blair_2010_%28cropped%29.jpg/330px-Tony_Blair_2010_%28cropped%29.jpg,7,0,19,0,0%,0%,1.2,200,,,,,,,
1,1,1945,https://en.wikipedia.org/wiki/Chenogne_massacre,https://www.liberationroute.com/pictures/3122/13104.jpg,22,20,30,20,0%,0%,1.8,200,,,,,,,
12,17,1944,https://en.wikipedia.org/wiki/Malmedy_massacre,https://upload.wikimedia.org/wikipedia/commons/thumb/d/d7/Bodies_of_U.S._officers_and_soldiers_slain_by_the_Nazis_after_capture_near_Malmedy%2C_Belgium._-_NARA_-_196544.jpg/360px-Bodies_of_U.S._officers_and_soldiers_slain_by_the_Nazis_after_capture_near_Malmedy%2C_Belgium._-_NARA_-_196544.jpg,22,20,30,20,0%,0%,1.8,200,,,,,,,
3,1,1944,https://en.wikipedia.org/wiki/The_Road_to_Serfdom,https://upload.wikimedia.org/wikipedia/commons/thumb/9/93/The-Road-to-Serfdom-First-Edition1.jpg/330px-The-Road-to-Serfdom-First-Edition1.jpg,8,0,22,0,0%,0%,1.25,200,,,,,,,
6,22,1944,https://en.wikipedia.org/wiki/G.I._Bill,https://media.defense.gov/2024/Jan/19/2003378795/-1/-1/0/240119-G-M0101-1001.JPG,0,20,0,20,-10%,0%,1.8,200,,,,,,,
12,18,1944,https://www.oyez.org/cases/1940-1955/323us214,https://famous-trials.com/images/ftrials/korematsu/korematsuyoung.jpg,22,20,30,20,0%,0%,1.8,200,,,,,,,
10,5,1945,https://en.wikipedia.org/wiki/Hollywood_Black_Friday,https://upload.wikimedia.org/wikipedia/commons/thumb/2/2d/Telephone_conference_during_1946_CSU_strike.jpg/220px-Telephone_conference_during_1946_CSU_strike.jpg,22,20,30,20,0%,0%,1.8,200,,,,,,,
8,17,1945,https://en.wikipedia.org/wiki/Proclamation_of_Indonesian_Independence,https://www.freevector.com/uploads/vector/preview/69163/vecteezyindonesia-independence-day-illustrationas0422_generated.jpg,22,20,30,20,0%,0%,1.8,200,,,,,,,
